name,type,is_core,industry,betweenness,pagerank,id
107.151.xxx.xxx,IP,True,,0.0,0.0009488563698268255,IP_ae06015270179300bcd203aac0e62043f03a8791847eab645886e8b09844b193
7071c3641e.com,Domain,False,[],0.003993261694633088,0.0018257795968259828,Domain_7071c3641e3a5fd85edc6a937790b00e9530d73fa349ca0b70351000e7f30542
03d859cae9.com,Domain,False,[],0.0020477364028043416,0.0016630399547305761,Domain_03d859cae95d95d7659bd5362cec9ef6ecbd4330c3b4aaaa30aec2d83e33e020
fa4e89051b.com,Domain,True,['C'],0.0,0.0011769914111950054,Domain_fa4e89051b1b223900215ce83133e3c124660fe8ac7fadfd795f6c55c66ae0fb
fa5979c43f.com,Domain,False,[],0.0014559130641336319,0.0017431148162555885,Domain_fa5979c43f9717dab840640c5072676a3f7a58332a4c39d0a0f79c6522157b6e
b5631e15a0.com,Domain,True,[],0.0038834951456310695,0.0015162689655279084,Domain_b5631e15a06194e22d434828848a63957578e30b02123a39a99ea491ccf7088e
122.114.xxx.xxx,IP,True,,0.0,0.0008077609904163369,IP_1ea85830c4df73ce31c73af128e9583723562eae3662e3a2925fb73339bf4858
12ef5e39ec.com,Domain,False,[],0.0042234819584208326,0.0018621029074061717,Domain_12ef5e39ecbfa339d511fe188d0c2187b0aba7af23abf404714d43ee5b8bf4f8
60604456a7.com,Domain,True,[],0.002021003284351484,0.00123917643212519,Domain_60604456a7e3ceae61d29012714e80e1dc018407e5d9702062c6980362794af3
46e2383c3f.com,Domain,True,[],0.007052953198256741,0.0022809075149502716,Domain_46e2383c3f9cfc5af60d9026208f06df1db751a0853b1bf989c59062f9aa2834
4e6efcddbb.com,Domain,False,[],0.003924174438125602,0.001847473003155239,Domain_4e6efcddbb79db1b5297cb3d36a72e74e267349929d0f87bf625c1aa0714fba7
107.151.xxx.xxx,IP,False,,2.2327202949619663e-05,0.0016527190732710318,IP_88aa40c4cc01e85ca960810254260508ddc5018df981285cec52081158051afb
122.114.xxx.xxx,IP,True,,0.0,0.0008392346017256881,IP_046053321f8f2410d8855a89e1b89ad48ecd5d80fe78d3daac15ac94d7fe8cc3
6d4cfb8d3c.com,Domain,False,[],0.0015040066078225917,0.0017616769932264724,Domain_6d4cfb8d3c8d3b725ba771389939bb5b886f5802aa2ee18a32d2e7e386e262a0
896d7ec982.com,Domain,True,['C'],0.007343633913842825,0.0015850024831238548,Domain_896d7ec9820abadb37beb918ffa823175abfecdd95c962db5bf9f7121b22d78d
57dee9059d.com,Domain,False,[],0.0008172782158748208,0.0016661708697985425,Domain_57dee9059d8c54ebf6c48a928c2d3fb948a7b9732c7160c35c2fb16d04b3ec8e
a816c68c89.com,Domain,False,[],0.004829907967981877,0.0018708236157330886,Domain_a816c68c89fd58bd05f02605ebe707678d45e3b9cbb95fb978b9e2ed239db367
7a497facb3.com,Domain,True,[],0.0,0.0007213774373543871,Domain_7a497facb3a334a098f50e1c5cc4d61054ff8859d61a88c1e2f97c91307cc8ba
122.114.xxx.xxx,IP,True,,0.0,0.0008077609904163369,IP_b8268cc414f6a84688c2e53a5a84c2efc2e530f3baa2cb0988ae1d33106e41ff
0cb9252b8c.com,Domain,False,[],0.0039241744381256,0.001847473003155239,Domain_0cb9252b8c03373db9d5f0f3b53e17240828d73e870281ca100494f0191c3a31
c632c83dfa.com,Domain,True,[],0.005942345209866428,0.0023749999762668803,Domain_c632c83dfadc6d125d75197d8ca28fd82fe9142f5e2f06f8d49dfb2305582aa8
122.114.xxx.xxx,IP,True,,0.0,0.0008138735450981742,IP_48d064453041d21ef933a25751239291622602f439ed79b0f7a4db64b98e8c2b
98d8fae3d2.com,Domain,False,[],0.005687595786262331,0.0019048423257377034,Domain_98d8fae3d28869e9b2b897f481979f0f64d1a31a47f88d63ccdce2ee0c3647fc
df24897817.com,Domain,False,[],0.0020477364028043416,0.0016630399547305761,Domain_df248978176c0182e653520b50bfc94a24f1aad7cf98201e8e6f2c6143df9d56
b13c4947c5.com,Domain,False,[],0.003924174438125608,0.001847473003155239,Domain_b13c4947c5673fe986b8fbede20c30b9af65f62a669ed9a8185a28e5ceca67c2
68da1d0c3b.com,Domain,True,[],0.0041666132950935525,0.0020655179633008764,Domain_68da1d0c3bb72de362cf68de8a28740da446ae6d53498f661e420a6f2eb4b4d5
122.114.xxx.xxx,IP,True,,2.5184793421731957e-06,0.0012448302852062032,IP_03a4c24df8029836cf0e7c6ac88118a32f981e26c83d241e38e5886297fa5d37
128.14.xxx.xxx,IP,True,,1.8888595066298968e-06,0.0011462563093948511,IP_b1fc9978629ee1cc2b8907d910cc86b40866348b7f1cd0ebbc2159b8b32bb966
122.114.xxx.xxx,IP,True,,0.0,0.0008138735450981742,IP_dd7ba37bd67da1b0acf3e4932af8d6ab858d4b4e021f3bea755500109084ee09
c15d37c06a.com,Domain,False,[],0.00392417443812561,0.001847473003155239,Domain_c15d37c06a58b4c6ade1078158fde83cd6b3c0cf849bed369b7359ac3b78e931
946f8e1790.com,Domain,False,[],0.0014025476886646037,0.0018793467574747254,Domain_946f8e1790b8b568b2d04c60ca29260eeda3101add6aa44379a08a2c64a2a2a1
42ace0d500.com,Domain,True,"['A', 'B']",0.005411204714593416,0.0021926275150591953,Domain_42ace0d5008d0c5c53800a57a66ab68228ddcbacc7d3184a66402b5a211c5482
122.114.xxx.xxx,IP,True,,0.0,0.0008138735450981742,IP_8c38e48b9f6d579ee4d091389b15acc7785f3176491aa5094a27c2a54dff9d3f
129.227.xxx.xxx,IP,True,,0.0,0.0008077609904163369,IP_80f670fdca337b79dd2849c699427b7cacb5aea1604340f6f1e6fae0aaad880c
f2b4f93b2b.com,Domain,False,[],0.003924174438125615,0.001847473003155239,Domain_f2b4f93b2b3f7772a8a698f33afb758b8295253630f58ccfef1a29b777013c80
b31de739bc.com,Domain,True,[],0.0,0.0007213774373543871,Domain_b31de739bca671ab65e63d8d8fbd7dff4dfcd9e1105545727fdfa907849bef8c
122.114.xxx.xxx,IP,True,,2.5184793421731957e-06,0.0012448302852062032,IP_6e4a94354fe08ed8ebe6f7729abd704daabb69771da2df305162df5900cb0944
7be3022566.com,Domain,False,[],0.006054872705198647,0.0022511773785157323,Domain_7be30225660d771663c905e89a8f24603b7d03d9c5e973ebd1f9a6fbefc85c77
122.114.xxx.xxx,IP,True,,5.0369586843463914e-06,0.0012756018047085796,IP_8009735a9d453ec9175d5f09f451558bd76caef1b05d37d6b8d45485a8757431
0c8bc31a07.com,Domain,False,[],0.001978649146296798,0.001684733361059832,Domain_0c8bc31a078405127194006201872d07ba3a9b0f8d231327a2be3d33c27fa887
122.114.xxx.xxx,IP,True,,0.0,0.0008138735450981742,IP_f971a93092798d7e968245a68595dbdb953defd4111abeb0c6ef66e47be74cac
b6ae8e737e.com,Domain,False,[],0.003993261694633084,0.0018257795968259828,Domain_b6ae8e737e27e83047c2e64123899e0f29b1e477c0e79f88e6cb312b0199cf43
15485a0b05.com,Domain,True,[],0.0007426211538422849,0.0011307158351588345,Domain_15485a0b0544fec8843b43866600d024ba185b93884dc5cc9e74e50c60632b34
129.227.xxx.xxx,IP,True,,0.0,0.0009348429780422246,IP_37eb1ac838a09d6718a378550a155797105588eebe7fc4411ad0a4023b137054
122.114.xxx.xxx,IP,False,,1.0283790647207215e-05,0.0017404985012833005,IP_50b65b3da4973685fbb1192299ff39de6ba7661bb14dab73ca542477ec6b5927
73ed342abe.com,Domain,True,[],0.001088108971313852,0.0016844730927140009,Domain_73ed342abe426d9de784508cc4ed93fb361b5b614b03bb0aefa7711ca1c9b33e
3e8c4e443b.com,Domain,True,[],0.0017907574876284934,0.001506560492962817,Domain_3e8c4e443bcbb53ce94474ff6d41b8121adaa658774511409d27ae198c2e397a
1981b07b0d.com,Domain,False,[],0.0013950971872773393,0.0016488201102442532,Domain_1981b07b0d7b5a884588061878c4f9a1c9cccf856fec3a34cd9c050e0c54bb1a
122.114.xxx.xxx,IP,True,,0.0,0.0008392346017256881,IP_6f8a5e2004d5a8bd154030fae006b6f32630ef44a491d151002e8f44aada53a7
596ee48d84.com,Domain,True,[],0.0015993476725097906,0.0017106790318411912,Domain_596ee48d847ca63e824883a2cae492640c229ce54c07f937407ac101faf33eaf
609629df25.com,Domain,True,[],0.005942345209866448,0.0023749999762668803,Domain_609629df25afc79a96a6163a77b9c3ed159e93f69a65e560b0d18a3d4cddcf9c
1b3165e95e.com,Domain,False,[],0.003924174438125613,0.001847473003155239,Domain_1b3165e95e45f7548243894610ba97f02f7b4e293f014620db7117ffcef0349e
129.227.xxx.xxx,IP,False,,1.8888595066298967e-05,0.0027046463252099026,IP_19322d51c2ff4fa91a3f409e60d8eb00dc38653f0632b0f96595d2fd253c7511
122.114.xxx.xxx,IP,True,,0.0,0.0008138735450981742,IP_7674447f830f51cc4038e774ccb90574ff303fca6db3a408c708399b045fc5be
fcdf7a8dae.com,Domain,False,[],0.0008172782158748196,0.0016661708697985427,Domain_fcdf7a8daeb7afc8a1237e59582d8b23b8d479ccf8ece4d05f73b5210fefea65
129.227.xxx.xxx,IP,False,,1.8888595066298968e-06,0.0015630469656161697,IP_eb302cde42d5938d58fe1c15bf9d16640ea469988e82192d8b32487bbc6b9b64
122.114.xxx.xxx,IP,True,,0.0,0.0008301336675809597,IP_b124a09d06de5ed9e3b89531cb84fcb40608ccf589921fd84cbdcb4f23b0bf25
122.114.xxx.xxx,IP,True,,0.0,0.0008138735450981742,IP_3ff3a1a69108adbbbdf61c53467e352dbfc43101054f8e78fad6244281151739
9c6d3bbbaa.com,Domain,True,"['C', 'A']",0.001282715341967183,0.0016946429852000777,Domain_9c6d3bbbaa001d61df251d739349dfa8eb4e4163816eecc6fbecc0f068d04668
122.114.xxx.xxx,IP,True,,0.0,0.0008138735450981742,IP_667d7851f7903a9600f6d406f33d16c1a2822052d97c523a6db6e207ab33776f
8d4d286afc.com,Domain,False,[],0.003924174438125615,0.001847473003155239,Domain_8d4d286afcbaf567b4444712c874fdcda5961697d86240766c603e1f7dc0ecb8
9558dcdbab.com,Domain,True,[],4.067929249452134e-05,0.0011553994444349674,Domain_9558dcdbab85fed405b3d1c467d9d0d7b97cf2b3007800258ebc8047ba203fb4
122.114.xxx.xxx,IP,True,,0.0,0.0009348429780422246,IP_a0e4d634e3e9b94fbf49398a099499a0a6960c5af65026979baa6287af19d88e
122.114.xxx.xxx,IP,True,,0.0,0.0009348429780422246,IP_10a38f696c98a4ce8141b0b17abc767a0ce83956f6509c67cd0ac930bf974e26
99630xxxxx@xxx.xxx,Whois_Email,True,,8.059133894954225e-05,0.0022677992552583353,Whois_Email_fdf006405591fc0bdc89f065cb360cedace80833442f4482ba3c32fa25fda490
m1556xxxxx@xxx.xxx,Whois_Email,True,,0.0011782735962560316,0.007486520890408905,Whois_Email_910eb6033328f3f3d2eae3a2ffae550e3a11f2fb5291c38a0f8f853f49d7fa03
f4f958367e.com,Domain,True,['C'],0.0017739748739710945,0.0015001883558441538,Domain_f4f958367e464d492e2766ace5ee5122dda620a0512aa97be5de4ad648308f2d
1ad7ae23df.com,Domain,False,[],0.0014580381737115252,0.002005122981583013,Domain_1ad7ae23dfa68cab88b7b2e88031a9e0eb1009e55d8dcb82c5b1b18703129767
fda3708db5.com,Domain,True,['C'],0.001282715341967183,0.0016946429852000777,Domain_fda3708db576885356f8fe0b0de34db2edd10f879b6047e097912bf0ea73dd48
263245bcbd.com,Domain,False,[],0.00482990796798188,0.0018708236157330886,Domain_263245bcbdbe2d129d99a8170fe6932fed08e3dbf7a8334c85eebe5592568f3e
116.255.xxx.xxx,IP,True,,0.0,0.0008138735450981742,IP_1db788a0fea5a014fe33fdd9073719514b161aabc31b0035cdb4168c77697ca6
107.151.xxx.xxx,IP,True,,0.0,0.0008204977756984494,IP_f02f527b247e586c0c17eed60306a169d494b4890edd6b2cfd33aaa0046ce13b
8885b1943c.com,Domain,True,[],0.0018628956864533638,0.0014462271816478587,Domain_8885b1943c502d287131f551c5b60a0518d6a7d9b902eb846871092687b2f239
129.227.xxx.xxx,IP,True,,0.0,0.0008180235529370282,IP_de75aa6515a8599f799858409a0463b0384ddef537437ce8bc56683ca540c99a
122.114.xxx.xxx,IP,False,,1.0546132245350257e-05,0.0017275923693342737,IP_b6468418fb90955145fcff4aeebb6c41b30d79866a51c423b73f651962542261
128.14.xxx.xxx,IP,False,,5.66657851988969e-06,0.0015362266134217248,IP_bc2fd68302cfff9e12823ccd3f42ce3ddae7ced2e38dec713ba6be5d0e1ce404
939323fb12.com,Domain,False,[],0.003924174438125611,0.001847473003155239,Domain_939323fb1295ec848df827825bbb7f9d87424ae17b4737973a2f75e9ebb23c71
129.227.xxx.xxx,IP,True,,0.0,0.0009348429780422246,IP_d05e54f020e3f0d15165e0a0a0dcd7395ff6b5d58db4e1aca1fe3e46afdd449f
129.227.xxx.xxx,IP,True,,0.0,0.0009348429780422246,IP_de44de1ba1b1abd2985ed22451705470c1de47d88ac4968c532bc5a3665275f8
acb4e4c620.com,Domain,False,[],0.0013020093412622986,0.009032603431193357,Domain_acb4e4c62022d5a64a850bbe854822afed6fd03183eec40649a80f1740e05c63
107.151.xxx.xxx,IP,True,,0.0,0.0007822089498138226,IP_217d6b8370432376646d91159d10bb0155687745c151b442f9d38458a5c7576b
aeebc8234a.com,Domain,False,[],0.0039241744381256,0.001847473003155239,Domain_aeebc8234a854eac44dbb59bceeeb797ff87ff5f63a44599757f6ed3822d523b
128.1.xxx.xxx,IP,True,,0.0,0.0008204977756984494,IP_6984ffb27e417d32cbfc890bd8caa6cdecd98cfabf6525b934682a3cdd07eb96
2cf15da970.com,Domain,False,[],0.0014284522275573928,0.0015622318652259086,Domain_2cf15da970e35f7cefb8406447e997dd11ab686139f3f15281f615781e1e6e63
122.114.xxx.xxx,IP,True,,0.0,0.0009348429780422246,IP_305783120f7cd6b79422a50992f63e9db24cf6e161f66e96eed83e2f8ed4443a
6c176c82c7.com,Domain,True,[],0.0,0.0007213774373543871,Domain_6c176c82c79fae34cd0ea7fcae37e77ba0bbb0ce0391e8412973079c57a65918
4ec4e993e3.com,Domain,False,[],0.003924174438125613,0.001847473003155239,Domain_4ec4e993e332e7339a9851ec98db4d5819d049bde93f01640940cf82abc8fcf9
2ae308496e.com,Domain,True,[],0.001088108971313852,0.0016844730927140009,Domain_2ae308496ea8d31f4033bc114f8bb4c8df087033c97a56239b1f81e7118d2023
9d02dfbfec.com,Domain,True,['A'],0.0022478561031194113,0.0017625737561972315,Domain_9d02dfbfec35513cd11891367467a580120184f7d1ceee40432d77825e94b7d8
2abab06f65.com,Domain,False,[],0.003859347682467399,0.0020057059691016687,Domain_2abab06f6541ec2f1ee15651b7d6df2c91b148a335d8122c42e60df8c1e05686
cf648bf507.com,Domain,False,[],0.0014559130641336308,0.0017431148162555885,Domain_cf648bf507def2d5e7a134be9db9a6531a39f185e7f648845771b5182946e6b7
b0feb0d002.com,Domain,True,[],0.0038834951456310695,0.0015162689655279084,Domain_b0feb0d002687925042eb3fa6538d65b5c7182e1a6500828709e9b2e1affa615
129.227.xxx.xxx,IP,True,,0.0,0.0008204977756984494,IP_fd2f634af4ae5e67cc59707e3afecb188d2c04ec4a00ded754f7d498c7849adf
122.114.xxx.xxx,IP,True,,0.0,0.001274558706794374,IP_67607118add0abbce5ac9cbe659c2f1665baab4103ccfa14ff9bdecb50c8f905
122.114.xxx.xxx,IP,True,,0.0,0.0008138735450981742,IP_9b2121c7ea8755fe5e8acffb496c8e2aa0dcc5baa67620dfeceabe26566a7308
122.114.xxx.xxx,IP,True,,0.0,0.0008138735450981742,IP_1b2366b5a6ea2991a0b732f45bd1102d2a9fc9d328b2e2db6a4256d2a24eaa56
129.227.xxx.xxx,IP,False,,1.8888595066298968e-06,0.00156304696561617,IP_b2f63d8edd94748291792e127fc168ca5c4b5da5b733b52d6dad2fddfe011c46
3c05f277f0.com,Domain,False,[],0.005366863087644656,0.01473000453890475,Domain_3c05f277f00caf405b071cc7271c4beba4100fc8d2f64a5c0335e69b97728f56
122.114.xxx.xxx,IP,True,,0.0,0.0009348429780422246,IP_8429cd9d9bcdac3fbcaf12bb9c3fbe1df36148430417a9ac4e03bd3a63c7f90d
122.114.xxx.xxx,IP,True,,2.5184793421731957e-06,0.0012448302852062032,IP_d40ff8f75438ba511d188b6d317de49fb20767837789c709d09064cdd9dab315
129.227.xxx.xxx,IP,True,,0.0,0.0008180235529370282,IP_d736abaf7a66869822df56dc82293a2e871f3b4a5dd207192d5f5155c3e2a49b
107.151.xxx.xxx,IP,True,,1.4578697382520431e-05,0.0011981861545628926,IP_53df88bbeed4b4a1ae2c99536469a685c5af0c66dc4bed67e2ae197b2483934a
09c9d49853.com,Domain,True,[],0.00509985691606492,0.0021502368724260527,Domain_09c9d498534734ef4007d8fcfd4a919921cf0d8a42b3f3238de94c239c763df4
122.114.xxx.xxx,IP,True,,0.0,0.0008138735450981742,IP_2f85ec1ba8f2cda6f6633cd5864f93a7813cf68a33102c70b3de7664a7f9eea4
b6a53119de.com,Domain,False,[],0.003924174438125614,0.001847473003155239,Domain_b6a53119debac71913bc928b4403ceac0526f3dcf04d10665a41d58af64e379b
b46e1c0e65.com,Domain,False,[],0.004829907967981879,0.0018708236157330886,Domain_b46e1c0e651d81ef2048b41ebdc865a3d50d3b19cd7a4b55109c552b2ebf4b7d
0b0d42ae97.com,Domain,False,[],0.0019786491462968152,0.001684733361059832,Domain_0b0d42ae97a95297b5db2e7170f878f9d8b3f16ecf39314df32b3faa1fe3e374
122.114.xxx.xxx,IP,True,,0.0,0.0008138735450981742,IP_890703c49b7254e587c44fe71a7e4782025b7b18e4f9553248e6ba8d81c746b7
8a354f26a3.com,Domain,False,[],0.0019786491462968165,0.001684733361059832,Domain_8a354f26a304688f41b2ba13ec750a733023660eb3e6110ce71824792ac8c4d5
5b42354512.com,Domain,False,[],0.0042234819584208196,0.0018621029074061717,Domain_5b42354512e9fb061e0799c6dff2fef486f39f7f4eeb9b27feba366f8bbf3c11
107.151.xxx.xxx,IP,False,,0.00011319594810353751,0.0036601787005665653,IP_65c6f11cb16912219257df9668a0e9bbf776bc73db069d05d032bf3823466539
b108b98716.com,Domain,True,['B'],0.0033476841779200898,0.0021812409893851603,Domain_b108b98716ebdc1993868ec562e61dbe7d326e507e742e778227ef040f3bb094
7973a5c101.com,Domain,False,[],0.0042234819584208196,0.0018621029074061717,Domain_7973a5c101218ff0d2cff9c3d12e7bf2a98d5216b83e9dbd1211cc74271ce582
559e0ea5b3.com,Domain,False,[],0.0310563263439997,0.0357203827344583,Domain_559e0ea5b3a75a355a974c5578a2e6cdfb682500d8f5ac9a3bee9a273b767092
ccd628d40e.com,Domain,False,[],0.003924174438125599,0.001847473003155239,Domain_ccd628d40e9834a83bbaea47c9171e80a505b43d57479ccb5f826c1c9639e529
80139d4c84.com,Domain,False,[],0.0042234819584208196,0.0018621029074061717,Domain_80139d4c8449888cca87459e80b424ef8382db0fc00d0e38dafe8e6856db2859
d1949f54c1.com,Domain,False,[],0.004829907967981885,0.0018708236157330886,Domain_d1949f54c171661b564ca5b3c3e38c06782a31f3ad153e3e9702841591d1ff69
029e995dc4.com,Domain,True,[],0.005402862315647399,0.002144211658450909,Domain_029e995dc48fe6f14685475c527b353b7e0cf42b563406935f69d9011587d65d
122.114.xxx.xxx,IP,True,,0.0,0.0008077609904163369,IP_ecfad9ff71bc3bb18b9ceb7a5a907a257c66744ee2b5dd811d90387110757d61
34bb858625.com,Domain,True,['C'],0.0038834951456310695,0.0015162689655279084,Domain_34bb858625b2e780996dab4c87f05b4a6f599d2cd181033f713453501955e5fb
116.255.xxx.xxx,IP,True,,0.0,0.0008301336675809597,IP_d36b09237a919f01bf24ec3b728230cc77a79beadee60f97531d93432d9f6754
34dc971b38.com,Domain,False,[],0.0039932616946331285,0.0018257795968259828,Domain_34dc971b380d99292e8b2f4960b1cdd898008f8440e8ebfa7facee990827692f
122.114.xxx.xxx,IP,True,,2.5184793421731957e-06,0.0012326051758425282,IP_8e4dda6e2c0ee77db15131b48107934ce88178f7dc8308634cf5554bd4485f12
122.114.xxx.xxx,IP,True,,0.0,0.0009348429780422246,IP_f1c5ccecebd58bde1ab9f790b59ba808c6877997630dd365998088c43c068162
122.114.xxx.xxx,IP,True,,0.0,0.0008138735450981742,IP_f8ea4a3b78b0a286c561d2d026c35736df9904e3a07dfad27bf3adca1822ea7a
7de17d3af6.com,Domain,False,[],0.004223481958420822,0.0018621029074061717,Domain_7de17d3af65682629b17701449e682342021dba807bf64f1282594a63fe93143
122.114.xxx.xxx,IP,True,,2.5184793421731957e-06,0.0012448302852062032,IP_92d1bfae2fe6e12b926bbc1f4898b91c60ebfb9d5e681133455ce944bf7cfee3
6140fecbd1.com,Domain,True,['A'],0.0,0.0011633588232512107,Domain_6140fecbd19e619efedc35958d7d41885b47d500935ce951a9a8968131cb9fc6
b887520d40.com,Domain,False,[],0.0014365057207335143,0.0017134557620022458,Domain_b887520d403d9a028a9cd14a8324579cfdcc09cc82240a7a7be8620801ef4873
d5d19b0db3.com,Domain,True,"['C', 'A']",0.001088108971313852,0.0016844730927140009,Domain_d5d19b0db3f783073f1c9430409c96b88b31d434b77c5ed82941214b6932983c
8c6be98151.com,Domain,True,[],0.0,0.0007213774373543871,Domain_8c6be981514030b2cc90d9181c19366c378c45d39f0f8d03c5cb75c4a79c5c53
abe156251a.com,Domain,False,[],0.00197864914629682,0.001684733361059832,Domain_abe156251a06f50ff79cdff3fe018f2e2a000b67b3057d806be03f6fe1040680
4b55b010a0.com,Domain,False,[],0.0021175856372658334,0.0016983916227062575,Domain_4b55b010a0640202690efd1acdcad9cfd058fb0d149e91b6f42ca26a07772f2a
efdbf82914.com,Domain,True,[],0.0,0.0012544215796783467,Domain_efdbf829140994012a2311a5da036f44cc4434b40eaac765e2776fe8c31a0abf
122.114.xxx.xxx,IP,True,,0.0,0.0008077609904163369,IP_a8e39d5c6bd828d0c7a57f520ff2cebde5b6ce9c3238dcc1ff8e7a3118f45e42
129.227.xxx.xxx,IP,True,,0.0,0.0008204977756984494,IP_0525d47fc4c0396843353bc763980fcdaf088b01ec4218c23a491c3ad8271c7a
261d9f5203.com,Domain,False,[],0.0019748714272835597,0.0016978145434922453,Domain_261d9f5203fe771bbec88e358f2a8b313fa770491e5a6e6e5c315890845dc059
c9f28c80cc.com,Domain,False,[],0.0021501995641544885,0.0019522129559777727,Domain_c9f28c80cc014aa3630bf14c6e87e418d874c795ea6d565ef87e45a429b1ee33
e12d65c560.com,Domain,True,[],0.0019379698538022749,0.0013228497751196046,Domain_e12d65c560d817b254fd28a72ace495f736beba9a15471fb0075496cdc75fe75
96088cfc23.com,Domain,False,[],0.003924174438125599,0.001847473003155239,Domain_96088cfc23fbe1a325d75f4dc051961cf54765f737e18977cdd755a4d6b80ddb
4a4c82b45f.com,Domain,True,[],0.004521940177444615,0.0021031437522119113,Domain_4a4c82b45fa07898bc7b8987a1dc00d450dafa3eb28c22c4f61829bea7a53bb3
eeaf7cc001.com,Domain,True,['C'],0.0008369490273758084,0.00187806598697239,Domain_eeaf7cc001d11c3bd697c4202369d33fc9983c242cb3cb1676103a203a67b274
32ee6abd9c.com,Domain,False,[],0.002270401228565543,0.001690706804013145,Domain_32ee6abd9cd80c949d34cb8796b6675f9057df0a66619e375e398b47336d3aa5
129.227.xxx.xxx,IP,True,,0.0,0.0009488563698268255,IP_32df20231b4d8d838346d837146f5f2c424ff0a6d061139fd2dc9b72ee1987b2
4e99f2f103.com,Domain,False,[],0.003924174438125601,0.001847473003155239,Domain_4e99f2f1036ae400e801e3fd569a5c4e2286a79e28f8da9320b400f8d2fc8c7c
58ee503131.com,Domain,False,[],0.0014559130641336308,0.0017431148162555885,Domain_58ee503131500aeea37638fe8290999c19a370f1413f4e15de54b99ea5ef2892
10237xxxxx@xxx.xxx,Whois_Email,True,,8.189255327633174e-05,0.0021548276628081697,Whois_Email_89478e5b280cd920fba2fcbc319145032e8468bc73c70545229d8825bb1ef2c9
97c9773283.com,Domain,True,['A'],0.0008369490273758085,0.00187806598697239,Domain_97c97732838422809e1a0df31ec55e0b3914dad4dbe2a7c4426fd2e4dd7eec41
6a7433f60b.com,Domain,False,[],0.00243625828657211,0.0016843057508827359,Domain_6a7433f60b328e936efbae57a9b23c8b28d0962ae7604a48c9afda83dedd9af9
129.227.xxx.xxx,IP,True,,0.0,0.0008204977756984494,IP_fec8664b72a4f69aa628b74fc4ee16aab12802716a9327a7e2c61dadb76676d9
122.114.xxx.xxx,IP,True,,0.0,0.0008077609904163369,IP_0fd603f50cc1573806fa70d472d39d5e70b49faab4ab92c28e1d478b73c97d8f
af85da44ab.com,Domain,False,[],0.0014265817619205478,0.0016286750151130833,Domain_af85da44aba94b0afe8681c6978ffd4e676eafa71930b5893f8ac86d37417240
122.114.xxx.xxx,IP,False,,0.0038953012136070347,0.001996418742357722,IP_1061f29048621d5990b0db201ef7cc6edb09a232d1751ebcf20558cacf2b94fc
122.114.xxx.xxx,IP,True,,0.0,0.0009348429780422246,IP_80f8d4508692890016074723c853ed46463f2c155beaa184f4dff4069ca3c2db
129.227.xxx.xxx,IP,True,,0.0,0.0008180235529370282,IP_7d0e5f817bd829ba67e1f35c72828cd23686953c263c2b1d092d075004dae3a6
4589f35165.com,Domain,True,['A'],0.0015993476725098047,0.0017106790318411912,Domain_4589f3516514763341d2218bf56094281c85cafc58572c207ba8afe6eacaa0ec
722dc88e5e.com,Domain,True,[],0.0015993476725098047,0.0017106790318411912,Domain_722dc88e5efe158c790a85f3d141e0ef43b77140c2a32ba5a0e97c1fa3a4ea71
122.114.xxx.xxx,IP,True,,0.0,0.0008392346017256881,IP_1374e91529f044a2b4c56f42ee3ab40c9db56363838de301d8d7e303789e6c5c
122.114.xxx.xxx,IP,True,,0.0,0.0008077609904163369,IP_d61677eaa21cc4bdc3b33325704204f77588d8ff6bd6b5a51ac60664521d76c6
85db7f74bf.com,Domain,False,[],0.022221684181777817,0.013279156514738008,Domain_85db7f74bf1e231c6f3b89583f6240593a918c2443aa657f129702d1ab41025c
124.95.xxx.xxx,IP,True,,0.0,0.0009348429780422246,IP_73d5661a208f4968e6e92adeb8757d93302bde54bcb65b4fdbd304091bbffc8d
9d240a8577.com,Domain,True,[],0.0,0.0007213774373543871,Domain_9d240a85775beba4ff9dafaef89055cc49fb1deb0f2d35af691674a2d35bde87
122.114.xxx.xxx,IP,True,,0.0,0.0008138735450981742,IP_faff6e1f344538d89bce2f37e75b9ef34b07b53c92ba5fe9efeb4f3c2f2187e4
2d9adf1fde.com,Domain,False,[],0.0014365057207335143,0.0017134557620022458,Domain_2d9adf1fdeb135570906335ce2ffcd19ee16c59e783f9a12530be56b86fc5666
122.114.xxx.xxx,IP,True,,0.0,0.0008138735450981742,IP_eae6eb66c6d2db3098a9b568bb5dd994f4e2ff11f9e8ad0c52d8bf4c8e9b0ab2
122.114.xxx.xxx,IP,True,,0.0,0.0008138735450981742,IP_2bdf8fcedc2b10c2fe7dfadece08b402d26033523c44be128659a7207ebff1c5
129.227.xxx.xxx,IP,True,,0.0,0.0008180235529370282,IP_14260c5306b6407af8dd6afe0dcc79cf259a337ffaf8403013fd62d67e677f39
ee4e2459b1.com,Domain,False,[],0.007800114145730156,0.002582673498430811,Domain_ee4e2459b1265a1d5dd9a297161e9e61eb6c22993c233d81cdc3ce469b6948a3
129.227.xxx.xxx,IP,False,,6.925818190976287e-06,0.001972731597466444,IP_882049aff8e4d58e4c8095dfb80cfde0f816054cbc14896e739714aa0749e75d
8fd38fc71b.com,Domain,True,[],0.003883495145631068,0.0016926150342374219,Domain_8fd38fc71b95baacf401c603d708759df81e4f9595787f142a0889d55948dc5c
06d36b8bd1.com,Domain,True,['C'],0.0034275155300364578,0.0019639701463649954,Domain_06d36b8bd1a98718e7f399a3bae97e3d46e388767c1fe7bc4f86a781bdf210b5
129.227.xxx.xxx,IP,True,,0.0,0.0014757099828608396,IP_c5ade13945d3ca490c5f6c880fc3386e4a804485b833c94e01e9a527083e4026
aee0ce2ced.com,Domain,True,[],0.003364121394751533,0.0021926734745060044,Domain_aee0ce2cedb02ba70de49bae580e6a5b1dc509ca8c977ef07877e70e0304e46b
55d0d0211a.com,Domain,True,[],0.0017739748739710886,0.0015001883558441538,Domain_55d0d0211abb6446dfa38cbd633d36910acf12c65f2fdd4a131606d1a351927d
129.227.xxx.xxx,IP,True,,2.5184793421731957e-06,0.0012328999570039465,IP_8825af1b085a177c9fbe38f62c83937cb896fd4c46cc6726fd9c641e5c0fea60
107.151.xxx.xxx,IP,True,,0.0,0.0008204977756984494,IP_035f189ab218e405366629fe47cee862fb472464bc119b2099cf5dad7c332b36
23.104.xxx.xxx,IP,True,,0.0,0.0008229080920694142,IP_ec473b330b45afc7b0ecbfc07b7e5242a5290a330eaa45aca8fac13280354d7b
ebda4729a6.com,Domain,False,[],0.0039241744381256,0.001847473003155239,Domain_ebda4729a61bf410b29bc6a8bd249c494233cf1a1b2df6d5a705e63146d21cbb
122.114.xxx.xxx,IP,True,,0.0,0.0009660353740268838,IP_d7f15373be403ed2249f101450508aa9e63467bf973de5ff177042767f565d74
122.114.xxx.xxx,IP,True,,0.0,0.0009348429780422246,IP_7a6c9aa3e9194e48ac2a828910f586663112e02c3a39cd94b0fb8186292321ed
122.114.xxx.xxx,IP,True,,6.296198355432989e-06,0.0012459982766131028,IP_20bae657a1244b97533b389601a08a13442ce548e67ac8c46a8201dda85650f8
122.114.xxx.xxx,IP,True,,0.0,0.0008138735450981742,IP_a61c3152ecac975620cea4cdd4e83a5db4c3a1d847347a2de7fbd9ffd8172a36
55441a9885.com,Domain,False,[],0.0019786491462968165,0.001684733361059832,Domain_55441a98852df90901ea5e7058bc75e1d713859895f8007e063a34084889cd90
9528a9ccf3.com,Domain,False,[],0.008698292237559977,0.002133875647623027,Domain_9528a9ccf3736c0620ad134ff58a876557731ada7811e6cfde3a01a377fde1b6
6d821744d8.com,Domain,False,[],0.0015040066078225917,0.0017616769932264724,Domain_6d821744d872b8c93ecad1a76c479a90147676c66c9b4cafbe5e0334a27199ed
434e835013.com,Domain,True,[],0.007296034654275751,0.0015688790473883229,Domain_434e835013fa041a1721985f4dde4aca454de8accb533753b1ad87328c8423aa
李xxxxx伟,Whois_Name,True,,8.059133894954225e-05,0.0022677992552583353,Whois_Name_a1e89e33bb151cec340a06add908cd069ecd1d199dd49d47403dea2128ea5af2
110fb52a3a.com,Domain,False,[],0.0063593131144723545,0.011514132760151145,Domain_110fb52a3afd8dbd4d2c36688306166f216e5a19362ae554addf7677ee568aea
9c320789c1.com,Domain,True,"['C', 'A']",0.0022478561031194113,0.0017625737561972315,Domain_9c320789c196cc61dacd9d98bb193b22e623042f23749a2d095b88e80f64bc00
8e82f1d4d3.com,Domain,True,[],0.0038834951456310695,0.0015492590053223006,Domain_8e82f1d4d37c184cb2914417845524963605a5442cf6b277a8b0cead1ab74057
129.227.xxx.xxx,IP,True,,0.0,0.0008180235529370282,IP_041e02ffc96980ac7af5ca4e7742939605a9703d8139af0933a6bcc04c99271c
ee8a600d85.com,Domain,True,['C'],0.005402862315647393,0.002144211658450909,Domain_ee8a600d85bfc165df5a8dc7ecfed3a371b0eb79ff22881be3daaafff0afa480
122.114.xxx.xxx,IP,True,,0.0,0.0008138735450981742,IP_6a701f011605556be067eb8021b82baa0b830231d61bc9da38c18155932b99d1
a52733a2d1.com,Domain,False,[],0.0014138608906846904,0.001809194272405051,Domain_a52733a2d1ea30404b25c0336228bcf64bbea65de08a258a7fc2af12328276ac
fb95433124.com,Domain,True,[],0.0012894614231926604,0.00116429029288247,Domain_fb95433124aa0180b7a5afb640b4bc011eccd33b71ce75db2c98743559cc64c0
107.151.xxx.xxx,IP,True,,0.0,0.0007465784367525249,IP_37214455cf5b4dd5bdaca117e0a0c0d67c602994b3af3a21e3cd2e3d7ff49998
79d4c5fd1f.com,Domain,True,[],0.0038834951456310695,0.0015162689655279084,Domain_79d4c5fd1f407290dcc43704d8f07093cb32390a4c9a7e3c83c04207c4707fcf
122.114.xxx.xxx,IP,True,,0.0,0.0013818609783635175,IP_b2f101cc5b3ba11aeed51308677c9ccfce8bcf2748c50a4dd54868e5ad41c947
129.227.xxx.xxx,IP,True,,0.0,0.0009348429780422246,IP_b17989268f4ec4a6c63a58d320c8fd2a30a7f0e2ea48666804c0eb4e5332452d
107.151.xxx.xxx,IP,True,,0.0,0.0008111533531448634,IP_9f7bf04466a3b9626791249796bbb11de69a9d35aaeadcd56efbab254d05645f
129.227.xxx.xxx,IP,True,,0.0,0.0008204977756984494,IP_b31dca97cbda6372e2dc374565ea84fba7e7f3d328d77c32243fcca382518a19
0a1374dbb4.com,Domain,False,[],0.0011564074213636386,0.0019358518459532046,Domain_0a1374dbb4fca2b6fa9e9da23c1654b15a5a5f4f57a6b60178d4b57480d6afa9
591ff31dc2.com,Domain,False,[],0.000847162866797537,0.002533457382982749,Domain_591ff31dc21519f316e92f1c465f685a81f95fa6996a46afaa02768cf501426a
122.114.xxx.xxx,IP,True,,2.5184793421731957e-06,0.0012448302852062032,IP_765f4f597ecbe28003c12c35dc348560235a837171e6dd3ed81bb84a7b5b2ce2
129.227.xxx.xxx,IP,True,,0.0,0.0008204977756984494,IP_ef3e82e449086e8b86870d91219ae1fe4811c0bd297e995c59c35ebdd3f67f19
2b19518362.com,Domain,False,[],0.003924174438125599,0.001847473003155239,Domain_2b1951836205397a76372c7677229f5fb1f3d1bb3bf32279940f4c016cb111ad
122.114.xxx.xxx,IP,True,,0.0,0.0008077609904163369,IP_50a9642eb54e0bdad657e5adba9fc579c44472fe25a51ad699a4fb3d5286a366
2d710c4eef.com,Domain,True,['A'],0.0008369490273758084,0.00187806598697239,Domain_2d710c4eefea1ed6f4a20d0715c0175a1f6344e4aa8d539c92de2a7f9692a1ea
107.151.xxx.xxx,IP,True,,0.0,0.0008111533531448634,IP_1b77e0c5abcf8173b7d41e3bc3a6e72ec322565943e484bdb24dfeebac92a880
107.151.xxx.xxx,IP,True,,0.0,0.0009348429780422246,IP_8e08202aea7caf996b83a7f9347f84f19020bc18a21c53c758bed8a5ec6db3c0
e5d0832d85.com,Domain,True,['A'],0.005411204714593365,0.0021926275150591953,Domain_e5d0832d8598f69dd097aefc40bb9bcc11ecbeae56954d00d95ff429d3269fee
9042923ff3.com,Domain,True,[],0.003883495145631066,0.0015896932181326186,Domain_9042923ff32f5e58ade93a27867d9cf88fb8f0bf5f521b2cf97fee1ad0882d3c
dfaa93f951.com,Domain,True,[],0.0038834951456310695,0.0015162689655279084,Domain_dfaa93f9518e5fac9d54c8bb449ade19c27b806ea10619892a01af95bba9d44f
511a092df2.com,Domain,False,[],0.0008471628667975467,0.002533457382982749,Domain_511a092df230972cab08714310c062060739a3920ffa0bc190f6e134324d5703
c692c10f02.com,Domain,True,['C'],0.0022478561031194105,0.0017625737561972315,Domain_c692c10f0264020426d63116bfcfd983316db5435de3b231a6a9ef31e9c4f471
济南能xxxxx限公司,Whois_Name,True,,1.133315703977938e-05,0.0015625023559256682,Whois_Name_a37ef2e00639c06d62e08b35ea85ebb548c4ba5393e5b5f91cc9a952ca3c9746
c9b845b9ef.com,Domain,False,[],0.0008172782158748208,0.0016661708697985425,Domain_c9b845b9ef9dd71066957ed12e434b0e44fcb02df9aa4a08031050cc3fdda607
116.255.xxx.xxx,IP,False,,4.8582471417082715e-05,0.002317663501276528,IP_64cb3d6e3a5bef52cd49bb0e870d4343e3f3b3d6a0bea978e9915ae635858023
cd66f604ba.com,Domain,False,[],0.0014559130641336399,0.0017431148162555885,Domain_cd66f604ba33decd134d56ac5a4b28cad3a60e5366a183d44141458f5b97a99e
a2ee1c7a36.com,Domain,False,[],0.0042234819584208196,0.0018621029074061717,Domain_a2ee1c7a361bbd313d026b9580362a1bf876580e089c6b4b5fe79e1ce9aef1d3
122.114.xxx.xxx,IP,True,,0.0,0.001292330376927025,IP_4a3e3cbb46550bd9aa0ea0cc6381bbb9aa2728bdc775b206602edfb11306a661
zyjsmxxxxx@xxx.xxx,Whois_Email,True,,0.00017549876112076253,0.002699736262129618,Whois_Email_d2637f9ff7be2560512bbbb723c28b9d942a2bd60fa1dbdc322f8565529c0ecb
129.227.xxx.xxx,IP,True,,0.0,0.0009348429780422246,IP_2f48f7c98d2552e18b42ec67b277bee3e1de168b30fa1052f554840ee0f45248
4f4861d95e.com,Domain,False,[],0.003924174438125599,0.001847473003155239,Domain_4f4861d95e5037d7698f67c567095837c309e01380ef62b9854bfe532307b069
51939d16fa.com,Domain,False,[],0.0019786491462968126,0.001684733361059832,Domain_51939d16fa1b387cbd463efc0dd04e3e3ce7ccd238c3c03238ffdee9f3abf4af
da62f9df1e.com,Domain,True,[],0.003326343519204652,0.002165661107849511,Domain_da62f9df1ebd067b90796c6649db8e03f3f706f06156026547f87fa2f5201b91
9a31dd44b2.com,Domain,False,[],0.00422348195842083,0.0018621029074061717,Domain_9a31dd44b2904f7dfbb0a2ff32378e3a8a2a9de57c01154d2d0cc0e866a84e11
e827445fc3.com,Domain,True,['A'],0.0038834951456310695,0.0015162689655279084,Domain_e827445fc388f43b00e13447f8c03b21ee69c6a829a33a78950cbde4c4c672a2
129.227.xxx.xxx,IP,True,,0.0,0.0008204977756984494,IP_d465cda33bd802f546f26a80da3706b99fbea212449777ea411a42d3ab9a785d
122.114.xxx.xxx,IP,True,,0.0,0.0008138735450981742,IP_0a580d564f4a1bf5d2b6573972fb8a60da50530f649f31b4a01dd77b8d96190b
a92ee07305.com,Domain,True,[],0.0038834951456310695,0.0015162689655279084,Domain_a92ee0730543f5607f5008b43d683f5644f031d00c7d16291f36b6dcc3c0b449
3c19400d69.com,Domain,True,"['C', 'A']",0.004193381394948237,0.0019182579292653518,Domain_3c19400d6950873a917d6c9278b86b2554ba9df2e9ad04581ad75da6da735b20
18b3f380cf.com,Domain,True,[],0.0018041006406312613,0.0011989525045230033,Domain_18b3f380cfcdccd2db3c2c19a50d571a700eb10d47d12fb5617bab21715802a8
89a6293ad2.com,Domain,False,[],0.007861645964211107,0.0020877783825517583,Domain_89a6293ad2539970a9d2a5499f4e14ef998cd8dc19f03f05e00dfc741cb838c6
df0bbca493.com,Domain,False,[],0.0022779566665920457,0.0016993632653107649,Domain_df0bbca49330c0d1413808d0284ae819e15fd3efce714d54e1194c7ca5722be0
122.114.xxx.xxx,IP,True,,0.0,0.0008138735450981742,IP_c1e2b3a161286e097ea5c015a6c77a209899ac4a942a6b9f97dfdadb491dc2e9
23.104.xxx.xxx,IP,True,,0.0,0.0008229080920694142,IP_08d1e369a88fddbe8f6e16bdb9c7dc1f03be5e3bf8c44573ea11aece812082a5
122.114.xxx.xxx,IP,True,,0.0,0.0008077609904163369,IP_b84a60e8c9e58013a5a98f9b5a33e4b210b3bb2ac3db00c95a628acf0ca907e1
357baed171.com,Domain,False,[],0.003806207768347547,0.0017687519683112466,Domain_357baed171d89daa3203d71ed3ce2a2c6bb86d33b22a2e894c909d0cb3a6135b
6bfbe322a0.com,Domain,False,[],0.0008172782158748196,0.0016661708697985427,Domain_6bfbe322a056daac85441f263344e6a48a4cf40143ff3add941a85efb58ea159
eba9ba9bc6.com,Domain,True,['B'],0.0038834951456310695,0.0015162689655279084,Domain_eba9ba9bc69dac34e4149dd8aa3e91e77db1790ab53df0a11d875eeec18cd6c5
cddb6c9f6c.com,Domain,False,[],0.001405927680756845,0.001595189738131324,Domain_cddb6c9f6c74c8bc578113229ccbf344196ea6831005bb33809be08947b844a0
4bb75fdf83.com,Domain,False,[],0.005687595786262331,0.0019048423257377034,Domain_4bb75fdf83e8cd259bfce44476303cbae7fe22a27ddd11256011b38d1057d919
a6b8323c9e.com,Domain,False,[],0.005687595786262331,0.0019048423257377034,Domain_a6b8323c9e0de1ecef9160a5620c72d87ebc11c1b035f49ef9dd22239b674032
129.227.xxx.xxx,IP,True,,0.0,0.0008180235529370282,IP_4ba39285b9d46cdae8abcde172fc0cc2b296fc61a43c828fa684551d2268cf39
3201dbed94.com,Domain,False,[],0.003924174438125607,0.001847473003155239,Domain_3201dbed946df2b0f0dd384f8c548498e77c1f198c4e7ed5005495b870752b6c
55eef80c6d.com,Domain,True,[],0.0,0.0007213774373543871,Domain_55eef80c6df773c38e44053fe9bdfb91588669fd3c59d5c25beceb9fc368bd9f
1d7791eb93.com,Domain,False,[],0.0019786491462968152,0.001684733361059832,Domain_1d7791eb93479cf0c1db51f2993fef1fd4c0ff9a08cde06a423f506474c59ab6
a27702bead.com,Domain,True,[],0.0038834951456310695,0.0015162689655279084,Domain_a27702bead5808692576b280e4c54b274ec45f78e42029a8a80f1a28d6641a95
129.227.xxx.xxx,IP,True,,0.0,0.0008077609904163369,IP_a3bdf287aafc9540849d652baefe265a12569a9c562ea3b33f190d71f5940517
129.227.xxx.xxx,IP,True,,0.0,0.0008180235529370282,IP_c60c636ab7aee8983aad7b8c879cf2d1b383fb77dfe44184a5c1b7d667783a05
ea3705f2c0.com,Domain,True,[],0.001235226058617686,0.0012111157595342174,Domain_ea3705f2c0fe20616ca8ff1515c25eac14adc6157b8c22e25419f2345f8e74c3
6164403397.com,Domain,False,[],0.004829907967981921,0.0018708236157330886,Domain_6164403397fe587f5ed9912c62ae7638a9738ebcfcfe853aeadd3a8a3cf3eff2
37254435e0.com,Domain,False,[],0.003742070494433536,0.0017421026836422968,Domain_37254435e0f2b3c0d9a57eb302e35d032526ec3449fb967d8c226b41cbdcd0ed
8d855612e3.com,Domain,False,[],0.003993261694633079,0.0018257795968259828,Domain_8d855612e33964f8b086e3bb43428175fc0a45cf39d2e2c9aeb6b61f6af607ce
76aa1fe624.com,Domain,False,[],0.003924174438125613,0.001847473003155239,Domain_76aa1fe6249f163b6fed0706d5480eff2284adc28c57edc3bb1a6eb916cfd431
ea89a298a3.com,Domain,False,[],0.003924174438125612,0.001847473003155239,Domain_ea89a298a39dd81f11bbd77ce1e52e3d61df42b514c5fd51d5d896d233816b9e
9de9730028.com,Domain,True,[],0.00018093475159698265,0.0010871312054390899,Domain_9de973002849a2befa1d4b14fd39973da20a12bb7e64afbaa24543389ce0a327
29a2c99c65.com,Domain,False,[],0.024558867355890503,0.010107734510263195,Domain_29a2c99c65221a682f99e46967159b995e66665a413db8c2c4947fa77dd1a535
107.151.xxx.xxx,IP,True,,1.8888595066298968e-06,0.0011462563093948511,IP_5e9c7c67ebe8d16a7c644fa530f5378163399d0a5a0bc0401cd3dae83a910efd
129.227.xxx.xxx,IP,True,,0.0,0.0008180235529370282,IP_2690e72958c7fb5fcb60e83db5c9bb7350ef8044ffa02a59ff4f29b3f1552dd5
107.151.xxx.xxx,IP,False,,3.86923367649046e-05,0.0019727915891804317,IP_242319e7bf8867c5b6311b6eed4eeed8bdb6bfb4fbaae03d58c02a0f9d079973
122.114.xxx.xxx,IP,True,,0.0,0.0008138735450981742,IP_314b7b39f1ec03fe15eed74fc4c945fc16f8f4fe78b664484b4e871bdf06c2de
96186xxxxx@xxx.xxx,Whois_Email,True,,0.0072852507345262186,0.004666445247177165,Whois_Email_08052da658838465c212a7aadcdaffcb946c481bc7be0aee51d1dafceba0ee3d
25f5de24b2.com,Domain,True,[],0.0,0.0007213774373543871,Domain_25f5de24b243da3cce545b998b64a3720aaa0d4670ddadd3fe6ba9f585fba2da
129.227.xxx.xxx,IP,True,,0.0,0.0009348429780422246,IP_dc52e2450f0d7b632b74bba523c9f560799978e83372acdf0ec1f3f451bc90c6
d03f640f80.com,Domain,True,[],0.0019379698538022749,0.0013228497751196046,Domain_d03f640f80e62372bedaee629e7f248349a65d13acf99b8ca5bfd5743db7fc6a
c073093473.com,Domain,False,[],0.003993261694633079,0.0018257795968259828,Domain_c07309347315186e1ec099e79e78ec8b07ada4bf24f2f8457a99fa84b7b11aed
0d954338ef.com,Domain,False,[],0.0021501995641545154,0.0019522129559777727,Domain_0d954338ef9e414704761e119b8e1ca966e1c1df08b042131e7eead02b4d4e2b
四川莱xxxxx限公司,Whois_Name,True,,0.0,0.0007123765585300321,Whois_Name_769911c0668c969e79b133ca3cc1717b4d59828c8944f580d01d5fd591699e2c
91c6840f2b.com,Domain,True,[],0.0038834951456310695,0.0015162689655279084,Domain_91c6840f2bb4690d491cf6ec70ebc65eeb765af183b51fba71cc303bcb6264a0
116.255.xxx.xxx,IP,True,,0.0,0.0008138735450981742,IP_9ecb1e9bcfde85259d2009f6869c99316b09288d2ddd29837cb94bbf1a969875
d05ccb7ced.com,Domain,False,[],0.0029025271615786626,0.0017070341490907671,Domain_d05ccb7ced55e509b8998ed9f076e3ad9424ced5a86e5ef614618fe4f10785e4
c2e54017db.com,Domain,True,[],0.0022478561031194105,0.0017625737561972315,Domain_c2e54017db000416d398913fd068df7101f581ce0a384ed4ff9a61cd6c7c3495
a035ca2870.com,Domain,True,[],0.0,0.0012544215796783467,Domain_a035ca2870c704fff18105a4051f507c727ac493b511471beea2be618d5ad0ed
9f1b698920.com,Domain,True,[],0.00016873811592560411,0.001581232072274544,Domain_9f1b698920818a2a72555fa315d278c14878debd790694b9a41a3566829f29b9
107.151.xxx.xxx,IP,True,,4.021442820566877e-06,0.0013157567881498286,IP_d18022943c860c776e4e55c26e438d76be1ad9025c4a6ef708a6738370a84684
c4f8e030fc.com,Domain,False,[],0.005464825012861883,0.001764895870748174,Domain_c4f8e030fc326a57022f0b920edb77c02657d862c6ebfbe690c778c84f330729
a9e30f6f7d.com,Domain,True,[],0.0038834951456310695,0.0015162689655279084,Domain_a9e30f6f7df6de09e49a144a2a1275e3049e615b8a08e57fa5c8cc979edf4a8b
50e8f3b37b.com,Domain,False,[],0.0014559130641336319,0.0017431148162555885,Domain_50e8f3b37b4f1bce4fd56a3b09efe8884fc91346c7646330fdaba40986a5c06a
2583815247.com,Domain,False,[],0.005687595786262331,0.0019048423257377034,Domain_2583815247a25d82fc27e94259ad0bdd6ebafc1d1cc97568abc30d0d9df892ea
e726b53d34.com,Domain,False,[],0.0021501995641544885,0.0019522129559777727,Domain_e726b53d34303c47322de9eb6220edd217933916456fab576f08771b0d0cc54d
7f5b23894a.com,Domain,True,[],0.0038911677006268014,0.0018805332415132408,Domain_7f5b23894adea54e6ea927e27f77167a7aaa900d7a491d65d50475b688d26caa
107.151.xxx.xxx,IP,False,,2.8682681396972508e-05,0.0024062291829772117,IP_af532e427ee55e6f3dc962415d116fce4b3af17591e1ef50565d2cf133ec71ec
411aebd255.com,Domain,False,[],0.0039241744381256,0.001847473003155239,Domain_411aebd255f0340afb3b952ded00e562790de841ccc1118ad798bb467cd0f0f6
129.227.xxx.xxx,IP,True,,0.0,0.0008180235529370282,IP_43b2f7847fcf430d7f662df02ee2d5783d8ab9ae52b98644dfb534219877820e
128.1.xxx.xxx,IP,True,,0.0,0.0008204977756984494,IP_6419275fd60b79bbbf915981ad1bd82f2fa08d4a33edce3a2e75f53f9adbb852
4c0ce8500d.com,Domain,False,[],0.001978649146296819,0.001684733361059832,Domain_4c0ce8500d0ebadbebceddd6fc879bdc00eda2b0a20458ff99873d247762b7ef
bd38a3a460.com,Domain,False,[],0.003993261694633068,0.0018257795968259828,Domain_bd38a3a460da63c43d7602ed45871f9b66fc2689570d759c2a93815fcca57910
122.114.xxx.xxx,IP,True,,0.0,0.0008138735450981742,IP_cb6702d330fc38850f6e8d03704f6f922169c7d3bb559a690104afbb55d02d4d
129.227.xxx.xxx,IP,True,,0.0001557603172335311,0.001342396217541273,IP_7fc1c1d5e85f860c9e4fc4775084d4fec265257d5fcbbc1d27e785e6a606e7d7
fc1593a7b4.com,Domain,False,[],0.004829907967981885,0.0018708236157330886,Domain_fc1593a7b469ee55c4c5c5e7a8d11475877c2b5eac8fc8d62d786bb67ab6b2a7
f57cba92cf.com,Domain,False,[],0.003924174438125608,0.001847473003155239,Domain_f57cba92cf99649eab199f4baed6a50d4d222c5e1977f76d438cfaab4af39937
129.227.xxx.xxx,IP,True,,0.0,0.0008204977756984494,IP_db01cb38875c83719f070aa2f8c2e6eccf6c18b53bdaf400db0059ad2cbfb9a3
+86.0379xxxxx,Whois_Phone,True,,5.899088130586751e-05,0.0019830272648459235,Whois_Phone_3ea8f719a853beb538a2e6f67930749e46c65ff11e209377a87311eb21610591
122.114.xxx.xxx,IP,True,,0.0,0.0008301336675809597,IP_c0ef870908f5a3ac5c93d6151950ec99a56a2a953277eb47b403edf858b74d06
shxxxxxiu,Whois_Name,True,,0.004404976085559624,0.0032761503762513034,Whois_Name_cf0eafe60d2e96e10ac8b8c8dc49249be9d0a26a12741b14ed95266b79c3a8fc
a8acae8b21.com,Domain,True,[],0.0038834951456310695,0.0015162689655279084,Domain_a8acae8b21b5950940f33da6036955ee76c93ce763d712e12e0979ecc6f29e36
f9feec3b60.com,Domain,False,[],0.003924174438125608,0.001847473003155239,Domain_f9feec3b609e862c0faad59233d1e0a7c7a12fb64839997ac2a2edd10b735b39
d35448221e.com,Domain,False,[],0.003924174438125612,0.001847473003155239,Domain_d35448221eb2a003d3c9ef0acbc6cf04c5e9edaac8c7a0a69e001d644c1d21de
5242fc48c5.com,Domain,True,[],0.005150576353395624,0.002155535905235524,Domain_5242fc48c5eb7806d01da210d0ddfc9ee31f81b209de52699af03d8b00a60a5f
45b76b3bdf.com,Domain,False,[],0.0042234819584208196,0.0018621029074061717,Domain_45b76b3bdf0da0b725346499af01176b683a763369f41d5de87998d079c00932
122.114.xxx.xxx,IP,True,,0.0,0.0008301336675809597,IP_64b629573ad54574c7a53144facd182c8c114b3b93c3636ff29e979055aac3e5
23f5c9ecd0.com,Domain,False,[],0.00482990796798192,0.0018708236157330886,Domain_23f5c9ecd0b9ef1b67e3a494b7c55f34749f958f1e2cd44158e26250b4203794
440a1e0653.com,Domain,True,['A'],0.005411204714593423,0.0021926275150591953,Domain_440a1e0653cf29d225de21b066590e16b9d912b3fcec3483a6b6a57028586e12
b590ad34b4.com,Domain,False,[],0.005858366572914628,0.0023737067492322394,Domain_b590ad34b4511bf38869db849d14f11df122359e36ee5a8985d8bd22286dbc13
107.151.xxx.xxx,IP,True,,9.99281404119985e-06,0.0011857621965942805,IP_f0870607ce2b19aefeab36fea2b4027e57becebeffdfe2295c17202e25874c94
122.114.xxx.xxx,IP,True,,0.0,0.0008138735450981742,IP_84837534f44d041eae723a980214b2e14345c6ec709ca6ceb10f24316634b758
418c941a21.com,Domain,False,[],0.003993261694633077,0.0018257795968259828,Domain_418c941a2138aecb4754ce2bda41b0286d6e0c715e107c38701f6a13f262392a
daf19f0912.com,Domain,False,[],0.003924174438125599,0.001847473003155239,Domain_daf19f091278d0940851ef5223d9999a9b57264b9338997ef6b688d5ee374d25
122.114.xxx.xxx,IP,True,,0.0,0.0008301336675809597,IP_a175fcfdf894973c527f18b63ef5aa58150aeecdcf85204e80f4df4dd72d8218
129.227.xxx.xxx,IP,False,,1.8888595066298967e-05,0.0027046463252099026,IP_08ed98ecd71a4e3061f119edcc7e9370aa1973ffcd26864bea767df4e703802a
122.114.xxx.xxx,IP,True,,0.0,0.0008138735450981742,IP_8925e8e2aaa52200a2fd2a3023725795a5de91ee41d5f2c4d4887c2c9d58f614
107.151.xxx.xxx,IP,True,,0.0,0.0007822089498138226,IP_4e9019dbda4834d2f8445c2c28932cdc18804aea9a7e22e734078dc6673b0948
128.14.xxx.xxx,IP,False,,5.66657851988969e-06,0.0015362266134217248,IP_20229baf891d44ba051576f6a78b15a4cf1974c30e3ff534daad36f0c97172f6
3f7ef3e73f.com,Domain,True,['A'],0.0015993476725097906,0.0017106790318411912,Domain_3f7ef3e73f6b7673cb270c52b4b2f2c2c0499989d52587f752729ae919193006
129.227.xxx.xxx,IP,True,,0.0,0.0008111533531448634,IP_16107644a128f33a678e2ea445aac53f988ed641d3cfb041384603e8a499ee89
122.114.xxx.xxx,IP,True,,0.0,0.0009348429780422246,IP_9bf17231da2a6b3e5ff07389b26c3ad398f7c1b42d77354604cffe85c218ca49
b62ca60505.com,Domain,False,[],0.0039241744381256,0.001847473003155239,Domain_b62ca6050572c36e71283c9932af79af24c9043d6667a6e02546f6d36fdae4ab
9bc2da9e09.com,Domain,True,[],0.0038834951456310695,0.0015162689655279084,Domain_9bc2da9e09842c97754e6f240f920166ce81bda789b17d7f6ddd8acfa10bc1b2
557f1bdd4a.com,Domain,True,['A'],0.0022478561031194113,0.0017625737561972315,Domain_557f1bdd4aeb323f604724b356bde414ca189aacd34580d23ac88466cff28f67
6d847284e7.com,Domain,False,[],0.004829907967981899,0.0018708236157330886,Domain_6d847284e7850725ce03b9ea5780fb921c3002769b0f9d3e287b661ad423feef
122.114.xxx.xxx,IP,True,,0.0,0.0008392346017256881,IP_73a5f56a1df14f24365d9af8baba402eb175382ce24e64ecd6abecd83282bf36
9ea0c6060f.com,Domain,False,[],0.0015040066078225917,0.0017616769932264724,Domain_9ea0c6060f9a88b7e2decc13bd5e4ac6f8903f776885ff7e263e4e0050613012
107.151.xxx.xxx,IP,True,,6.766786704560631e-06,0.0012641500919142032,IP_ef89f8dcb692b4c7cd1792366d8f2c9e8c4717875b2e8cc43935b68eb955d572
61befc7014.com,Domain,True,['B'],0.0,0.0014439989481164154,Domain_61befc7014010dffed9239b8a133396e1a88fa822703b677b123268eb16be3f7
122.114.xxx.xxx,IP,True,,0.0,0.0008138735450981742,IP_805a508767ae962a745ddc486683844eb605e446b5880cc3429c8738c0d227d0
122.114.xxx.xxx,IP,True,,0.0,0.0008138735450981742,IP_f8b374702cc42d337c8f548e5839f1d108fa915fe1044551a4fb63f799e4a04c
412c34dc5b.com,Domain,True,['C'],0.0022478561031194113,0.0017625737561972315,Domain_412c34dc5b9402cfb88d89469e14d99dc6f0834705161a3882e20a1618102008
122.114.xxx.xxx,IP,False,,6.296198355432989e-06,0.001696454330165468,IP_3a234d9df7e163676323735869f9b4f3350b5403397c55f42f90d435f5dae671
4505544369.com,Domain,True,[],0.005098332001321158,0.0021554212221452343,Domain_4505544369d738b1884f829f1279f27f06276fa0888955a0a7dfc660f1c3eb2f
122.114.xxx.xxx,IP,True,,0.0,0.0009660353740268838,IP_8e5c893d9073fa0aa8ff9ba1b6f9a085389574713bc72d924e2b255a923d06fd
129.227.xxx.xxx,IP,True,,2.5184793421731957e-06,0.001253130300883911,IP_587b1eabcabd680a8c2830ade08a10948c14e25e010d38e88657bb94526ac6c8
122.114.xxx.xxx,IP,True,,0.0,0.0009348429780422246,IP_17f12473855f439111f28d85b38281b60a2fa8c33785caaff203417f366bab0f
4f0cc3f5e7.com,Domain,False,[],0.004829907967981889,0.0018708236157330886,Domain_4f0cc3f5e7ae75db79a5bed47b7ba8a96ad96b0bcd1e845a502e03b78e4e17f3
691063c590.com,Domain,False,[],0.0008172782158748196,0.0016661708697985427,Domain_691063c590036f7f5264af3383a310906a64c50bf0fbf33cdecc218bd2771668
4efe5c4f59.com,Domain,False,[],0.002277956666592048,0.0016993632653107649,Domain_4efe5c4f59e7a62ebeddadfaf5956040b95c899acb87f68e6f4898e1c873f808
122.114.xxx.xxx,IP,True,,0.0,0.0008138735450981742,IP_3b1bad0e06f2547b741add3ddb9d70f4433ff59d25417b4a5a6ffc63a5c79bec
45a4976085.com,Domain,True,[],0.0,0.0009549278775141527,Domain_45a49760852b7fa3a0bcea2e92c7dd61fd8b0f44a232ec32974366e0fe9b6a1e
0095a81cef.com,Domain,False,[],0.004829907967981911,0.0018708236157330886,Domain_0095a81cef5bb59540bd25e15ce59cf042a266e14162088f23eccfc97dcdb0d3
c81d239b7a.com,Domain,True,[],7.5268189430858e-05,0.0012536259879469538,Domain_c81d239b7ae03aa9a346a84772e39bc8f8e3a6bde40824cba28f259dd3114906
ad33bc2c25.com,Domain,True,[],0.0008854193837760733,0.0012141361167683005,Domain_ad33bc2c25f2417810f467a674f5cef8df2a86ee7004a7e404469dd1817e871e
ddc13dd015.com,Domain,True,[],0.0012894614231926604,0.00116429029288247,Domain_ddc13dd01545c2415046e8bcd003a72b31d72cf28c8b3edbbd0398050ba2dca2
4ce4f42a6d.com,Domain,False,[],0.0014559130641336399,0.0017431148162555885,Domain_4ce4f42a6d8cd280a86630cb1df3e09881e667e0eb20107c215db9045058e20e
122.114.xxx.xxx,IP,False,,6.6559811186005885e-06,0.001609668237185847,IP_b05f132a33bc5cf46c3fd90b7862ee8acbb51d4890449680f5bf008dbab80205
116.255.xxx.xxx,IP,True,,0.0,0.0008077609904163369,IP_1c3fe8cb0fb28798b8f237f3dacb6da8456ca132f1f3aeb39c520c53f3285dc0
c58c149eec.com,Domain,True,['B'],0.0,0.0014439989481164154,Domain_c58c149eec59bb14b0c102a0f303d4c20366926b5c3206555d2937474124beb9
129.227.xxx.xxx,IP,True,,0.0,0.0008204977756984494,IP_38a040a2b81ee1c4dad00c90b84d16587860538c45a42533184c0b5fd1afcfc5
a3ea9b5ac6.com,Domain,False,[],0.0029046775031831974,0.001682539364479902,Domain_a3ea9b5ac6b799921a354cfebec9af8cd872ef402304f9e3c1a11bd3ec03e564
409023f1d7.com,Domain,False,[],0.0008172782158748196,0.0016661708697985427,Domain_409023f1d7332fce6307a12be6eaa334bf0830b6518246875ddb69af931c2ca8
9ef40fd205.com,Domain,True,[],0.0038834951456310695,0.0015162689655279084,Domain_9ef40fd205e1e60836ae60bcc8850c0e2d8abc6f4c5de55ee42e3aaa4e3dd280
d259e3790d.com,Domain,False,[],0.00482990796798191,0.0018708236157330886,Domain_d259e3790d8a0ce1db3e558eac8bdbcd8279bd849de25f8a89fbdfe9462c60e1
122.114.xxx.xxx,IP,True,,0.0,0.0009348429780422246,IP_3a239d3106790869a1deb0a92fc839c1a4c976a09a79236398190bce2f637443
a733dc359b.com,Domain,False,[],0.003993261694633067,0.0018257795968259828,Domain_a733dc359bbd218dfee05a91ff8eef75f96d4a858422a5b8559a5ca48367421e
129.227.xxx.xxx,IP,True,,0.0,0.0008180235529370282,IP_b3d68e2cf9c5da3e78f365a23714e2e3ca6f63c5876727b69bac0fde045224af
129.227.xxx.xxx,IP,True,,0.0,0.0008180235529370282,IP_977374adffe8f66253067be7dd7772109e81aa90a18163d9a4caf436c85767f8
122.114.xxx.xxx,IP,True,,0.0,0.0008138735450981742,IP_3612bb7da1d811f5ca1932189ed30beb88a5480357e10cda1bc202d0ba0e0243
122.114.xxx.xxx,IP,True,,0.0,0.0008077609904163369,IP_10a2c8d6cce7e8067b72d7ccc2c7a338af59fcde911f376d5654bb86dd7e6b3a
23.104.xxx.xxx,IP,True,,0.0,0.0008229080920694142,IP_f9b647f9fcecb91959935ded838141dd9e138023dc9b9c5d84a5415684a658f7
70f30b4498.com,Domain,True,['C'],0.0011597583532908867,0.0014303491260022328,Domain_70f30b44988bd891609e6393045b4598582f2fa248890fdf0a7f69cf4a2f0b75
129.227.xxx.xxx,IP,True,,6.61814068466685e-06,0.0012556045236453322,IP_f5c9f8cd7179dcaab642f1636ebc1f0f4b3175788542422d3a927897eee9d6d6
122.114.xxx.xxx,IP,True,,0.0,0.0007948302730663567,IP_91ac7cbf1276b88f12dc4c77aa787e73cef18d47278f31c51d1ac33fa26e4c4d
29e3091717.com,Domain,True,[],0.0018683643431480672,0.0012808323671273918,Domain_29e3091717ff2c5186936a5ebcaffa40aefbc6a52e7eb1b11d242cfb3f4e257c
0ab53c772a.com,Domain,False,[],0.0042234819584208196,0.0018621029074061717,Domain_0ab53c772a2870d0f9f3df0ee9479b0f86d33216829a48b1f6e53aae1b4cd41a
129.227.xxx.xxx,IP,True,,0.0,0.0008204977756984494,IP_088e1f374e08f589ea11d6962feddf5b7c531bf2f236312772241c580a67229c
bfcc30adb2.com,Domain,False,[],0.0039241744381256,0.001847473003155239,Domain_bfcc30adb2a77392050cafefe15240e3c33048e77f8eaec240882469ad82ec5d
10456a09f6.com,Domain,False,[],0.0039932616946330764,0.0018257795968259828,Domain_10456a09f627fad43c0b22e4596b386238b5b8606b0057b4a1161f8a8d8cae9a
116.255.xxx.xxx,IP,True,,0.0,0.0009660353740268838,IP_257516958447309da6ac6ae473baf046ec315fe1f4b1c0847f32468daffa673f
e8f9ffdc76.com,Domain,False,[],0.007759434853235619,0.0023453242644706144,Domain_e8f9ffdc7671fc07a36908de885c2fc4db0ed4d772f2d42154cbc54eac0e1f0f
129.227.xxx.xxx,IP,True,,0.0,0.0008180235529370282,IP_6578e24b72060c504d41825abbd3303085d44e9ef506cfd704b489cf026779ac
5c0d515106.com,Domain,False,[],0.0039241744381256,0.001847473003155239,Domain_5c0d515106b0ebf84897b9462c0bbb0a511b65f9a2ceffd50a780799b73566a2
e8a6d28bb2.com,Domain,False,[],0.005687595786262331,0.0019048423257377034,Domain_e8a6d28bb231a1d900e758274df63ff4fda8676c4a1cd141b229c85e4d634b40
1b7b460d8e.com,Domain,True,['C'],0.0054028623156474,0.002144211658450909,Domain_1b7b460d8efcbb69748401192d0b2e01cc5bc1086dcc82602dbaf5d6d20bf78c
178c8ae911.com,Domain,False,[],0.0008172782158748208,0.0016661708697985425,Domain_178c8ae9116b3f526cd02bd00e4ad7423b70bc1e2f1cceb6261f8819afca1c1c
aa5997bc19.com,Domain,True,[],0.0022129244927370016,0.001495285455679738,Domain_aa5997bc191ca05edd443d60d3ba778248995ed3eaba9e86d03be3c5f62e086e
128.14.xxx.xxx,IP,True,,0.0,0.000756286005367977,IP_60531659e3f25420b5acd695272c65811383720ff83ef35e326ba9defb70ed44
顾xxxxx辉,Whois_Name,True,,0.0011782735962560316,0.007486520890408905,Whois_Name_f85b1018e7f4932dc182bb059490aad7bc44c963c5792d93f7c7038717b7b0d1
23dc20273a.com,Domain,False,[],0.0039241744381256025,0.001847473003155239,Domain_23dc20273a46f99998c46c5010a4255e3f48beb3cf8cc4b820b5dc257b59af35
d7ca79514c.com,Domain,True,['G'],0.0038834951456310695,0.0015162689655279084,Domain_d7ca79514c8248152a47993579f64fd8445bb1ed6c613f707fd377ff286c7c04
122.114.xxx.xxx,IP,True,,0.0,0.0008301336675809597,IP_601bc8591d64a4fb2fc8bc0365df90695f116d9174f76b3230b5fdaf6d5f1afa
91c3307115.com,Domain,True,[],0.003883495145631066,0.0015896932181326186,Domain_91c3307115028f46f6bd8a32b4936d51a38147d90950a7656f9d45c460a286c5
c1a5768032.com,Domain,False,[],0.0022779566665920457,0.0016993632653107649,Domain_c1a5768032880460fd3661592967e9e483d8b43de0892d823b83dc2b0d61a8f8
c536a46a0e.com,Domain,False,[],0.003924174438125611,0.001847473003155239,Domain_c536a46a0eed4f22a8c0be5714ee7cd5102c20612e3b8923e4f513156ade61ec
107.151.xxx.xxx,IP,True,,1.3234090302902989e-05,0.0011979316130553508,IP_e1f32372971615006d1a0acabb0db87cd3973785ad840a61baaf70c3713f5517
df28e03e1c.com,Domain,True,[],0.004768914529407152,0.0018198580856024313,Domain_df28e03e1c838056362129f452efd0989fb770e839d14546ea841c4996c5fb5a
cd392a84cb.com,Domain,False,[],0.004223481958420825,0.0018621029074061717,Domain_cd392a84cb87e78cc378a31b76d44d224f83c5f731ce201367ed94efcc035188
+86.059xxxxx,Whois_Phone,True,,0.004404976085559624,0.0032761503762513034,Whois_Phone_edd7e4db502a00418e9ebaa8f78a9b886b028da11b29f0fed2a73e5dce225663
bf149b960e.com,Domain,False,[],0.0039932616946330894,0.0018257795968259828,Domain_bf149b960e95398f665ece2fef54322dbc02a7fcb065f1a7139924a8ce031c9a
1f44868621.com,Domain,True,['C'],0.001088108971313852,0.0016844730927140009,Domain_1f448686214f71c4e00372b6f30233aeba62d2043297edf2b024a936d581b05d
eff9aa9cdf.com,Domain,False,[],0.001978649146296819,0.001684733361059832,Domain_eff9aa9cdf763f35975314a49d1c4781f65d86c1e50ac50f8387ecafd4dd56cd
129.227.xxx.xxx,IP,True,,3.7777190132597936e-06,0.0014145819197574116,IP_15e4c21258981ec2061ebd02a69c965188bae2f8af2058bf7d8023a7ab1482f5
daoxxxxxang,Whois_Name,True,,5.899088130586751e-05,0.0019830272648459235,Whois_Name_59eafb339dc90e083416251abe6595ad09905bc0e1d7a7e4aba70d8e2d086764
0c109e3db7.com,Domain,True,[],0.00011773890924659683,0.0013132435415884182,Domain_0c109e3db7ae776470c7cfd38f4f46ece1544b1075a8a412ca0e0b22e1e353e7
122.114.xxx.xxx,IP,True,,0.0,0.0008138735450981742,IP_2c46d09c7f1bfa09b148043e182b3c7ae0216dfd6ee9d568cb36fb675bed9f24
122.114.xxx.xxx,IP,True,,0.0,0.0008077609904163369,IP_96f57cff71ec1cb1285395d625f913b1da4e7dc11493eb26b3201a884c91262a
129.227.xxx.xxx,IP,True,,0.0,0.0013614672205726455,IP_4adce6eeb27b7b80000e749092e05a30c37a0ecff58e8948301bf801e5876678
ac71c8f63e.com,Domain,False,[],0.0039241744381256,0.001847473003155239,Domain_ac71c8f63e8f887e59aca069cb82d3606e77a63fe6646293f400b691edbbe64c
9671c0e605.com,Domain,False,[],0.0028005548715869808,0.0016917111839369167,Domain_9671c0e605fb9b2544a2288d59a82369b3218e2a23f3eaa9c726a12627d6590d
3482d8d15f.com,Domain,False,[],0.004223481958420824,0.0018621029074061717,Domain_3482d8d15f5732f6b2edbc0fc2141c14d40d2edf50a6dba18cd9231fbc123ed1
122.114.xxx.xxx,IP,True,,0.0,0.0008138735450981742,IP_eede515006b26d689f6be7d904b7055b3911b19fc4cad5bb9b8f7b2c3dc49e0c
768546c70b.com,Domain,False,[],0.004829907967981894,0.0018708236157330886,Domain_768546c70b494771651d46fa59e877f34a38a728985bfa03adbd8809c00bef0d
122.114.xxx.xxx,IP,True,,0.0,0.0009348429780422246,IP_2f5773eb4ab6a0657d8e4b7508095fa64a0cbcafb5e946269e8a6fa09b112f0d
050fcbe6eb.com,Domain,False,[],0.004829907967981921,0.0018708236157330886,Domain_050fcbe6ebe6c6e253d1a993e7717ff0d9d8bedab5c4514e92a1906c581d1a3c
d4b0bc57bd.com,Domain,False,[],0.0019689226053891096,0.0016852340122905614,Domain_d4b0bc57bd5f049acf61cdb32d30d9abb64d8121e446654d29f67062f53c80eb
07eff7fa46.com,Domain,True,[],0.005411204714593325,0.0021926275150591953,Domain_07eff7fa46cfdad7a8b2eff1d90f3669fa9cbc07ea940e9a6077084c2f3de9c8
122.114.xxx.xxx,IP,True,,2.5184793421731957e-06,0.0012448302852062032,IP_48d8c51dc17a3bc808747b027bf436dffc6a3c860d26ada85e310504f5fc4be2
c8fea1aebc.com,Domain,True,[],0.0038834951456310695,0.0015162689655279084,Domain_c8fea1aebccc3b72421de3b42bb7ef381f62c41db9d85c78761956d81d0d7c91
424b645fdf.com,Domain,True,[],0.0,0.0007213774373543871,Domain_424b645fdf47639880c4449ac9a8bf3d7a2a1d0f7150c1235648a0f28b2e389f
122.114.xxx.xxx,IP,True,,0.0,0.0009348429780422246,IP_c104932f8f19183aefae1c0e550e0ce0a5d8340f1890d8746159ed79ced46bfe
ba6184f455.com,Domain,True,[],0.0038834951456310695,0.0015162689655279084,Domain_ba6184f455870e12c3aba023671966e2230ef5d8fc4be3526b07f9ddb7a16e09
5538a7631a.com,Domain,False,[],0.003924174438125615,0.001847473003155239,Domain_5538a7631ae51bc809a40a22b68196c7854efd154e858bda9a40301ef4abe4b0
122.114.xxx.xxx,IP,True,,0.0,0.0009348429780422246,IP_716fb82cd5563205f5224a8802ab8a7462519e427e732b47a6ca006665566e7a
107.151.xxx.xxx,IP,True,,1.8888595066298968e-06,0.0011462563093948511,IP_7e023e73a0f4fe0ccceaa4a2bdf209144173e22828f5b63607209a3eb9b0ac68
fe794a69ea,Cert,False,,0.9394117744600365,0.14583924350142524,Cert_fe794a69eacd63b21245bf4eda826222fc6c5862bebf77aa05459cb308cfd063
310046b0b0.com,Domain,True,['A'],0.0015993476725097906,0.0017106790318411912,Domain_310046b0b034e6b733b0a8a32bceea252c23abe817853bfac69e73b6e6490835
128.14.xxx.xxx,IP,False,,3.524013073402457e-05,0.0015573810338503377,IP_163993a68b963588687dccd07ab6e6e055073cc2e74bbb3885131a8c0bd1d43e
ad829f726a.com,Domain,True,[],0.0,0.0007213774373543871,Domain_ad829f726a001aef37614b4bd8b7d4f6ea5abb4b484bad9696a3ca1ab0cecdc9
5a690fdd44.com,Domain,False,[],0.0042234819584208196,0.0018621029074061717,Domain_5a690fdd44dd4f8cd19b14df312768274b0da0af6e097e45de55f46a327bfbf0
122.114.xxx.xxx,IP,True,,0.0,0.001274558706794374,IP_20eaf7e2f7f15fecd9ae6f65a760cb784d5d46083f2e9fda3b073b47fdca2cdf
30707d5271.com,Domain,False,[],0.004856596218929046,0.0017439233045242006,Domain_30707d5271f0957f79d2ec9e94ea2aabdc0f5fefafbe63be8c37da6454c93bb4
5516b66504.com,Domain,False,[],0.0014580381737115164,0.002005122981583013,Domain_5516b66504ed4012d3e7edff67f58a3d34d466f8e086633df50da043cbc5d3c6
d3da8832ac.com,Domain,False,[],0.003993261694633107,0.0018257795968259828,Domain_d3da8832ac5341a67a60846b6358c27b31b82118dee93873bede6da3b6e2bb08
9993387ecd.com,Domain,True,['B'],0.0018773584509673069,0.0012911769011426304,Domain_9993387ecda086bd88a7dd23389c865b891fdb03d9d24fc53a6f643c7251c561
0bb82b3c3e.com,Domain,False,[],0.005687595786262331,0.0019048423257377034,Domain_0bb82b3c3edf7b0c0aa0428648f58953e043c5ce17882abb273813e69d1bfd69
545fb745c1.com,Domain,True,[],4.067929249452134e-05,0.0011553994444349674,Domain_545fb745c18247483dabfa10756313267bbf2511e646772892f33a086e80ee49
7d08e25827.com,Domain,True,[],0.0002004709556369864,0.0016250867540977857,Domain_7d08e25827a1392071d14a3ff3fcaba10e961d2af00fb240bd52538ba5c4b428
39b2389794.com,Domain,False,[],0.005104933771845723,0.0021922720869909486,Domain_39b23897946fdb714425f08ba294b63d0e4a14f39ae5f331cf3c9e2168f2dcf0
杨xxxxx昆,Whois_Name,True,,8.189255327633174e-05,0.0021548276628081697,Whois_Name_b41450ee7bedca66841b7a976e1d4499da345e2f65a00e8bd0083026288d3f7b
122.114.xxx.xxx,IP,True,,0.0,0.0008138735450981742,IP_7ee137998fad6e0dfeb11b2c9dcb03a1643d0937b60733c94761db742e05c543
e850552a57.com,Domain,False,[],0.003993261694633114,0.0018257795968259828,Domain_e850552a57524a918a8adefce73ce0fd6f06f882d6e8cbd993cb2ad12795ef47
129.227.xxx.xxx,IP,False,,0.0003392695540397168,0.0018265374675617647,IP_66fa10021a8dde8d8ebf800b461b30d6866d626ffba991e0c0adf9009eea0c61
122.114.xxx.xxx,IP,True,,0.0,0.0014568061369395733,IP_08d5e9b0930f6830ea651222a37d7f7e0d79c72faa8d1a2edc53bba156bac5d5
129.227.xxx.xxx,IP,False,,1.8888595066298968e-06,0.0015630469656161697,IP_60fd79977825ecf85b26f5d6f4cb7f94d8a77f98b87510df12f69d1784b5fdd4
78eb8bd2c9.com,Domain,False,[],0.001978649146296798,0.001684733361059832,Domain_78eb8bd2c99f0618bfcb958a92100cecd33d2676d60e903f5094226105b44466
122.114.xxx.xxx,IP,True,,0.0,0.0009549278775141527,IP_3aa97f7a7e1ee69d9c0a0bd6a0c77d71a3af0af83055ecd58bbf31cd7aebb7fb
122.114.xxx.xxx,IP,True,,0.0,0.0009348429780422246,IP_a70b64dc916704229dbbbb2fa34d5fa5547e350811ab6142459c4736e5d48aae
9ed01ecb01.com,Domain,True,[],0.0038834951456310695,0.0015162689655279084,Domain_9ed01ecb019a61ba0ab5b0c553e3e3812b0d03567ca34689d8eb15014e1d8a9a
9621539af6.com,Domain,False,[],0.0039241744381256,0.001847473003155239,Domain_9621539af6c8f21fab2cde7000d49be91cf6ce064ce8e443ef9f970464b8acbe
0749770f9c.com,Domain,False,[],0.003924174438125615,0.001847473003155239,Domain_0749770f9c55353bb03033f0faa88aa7e79e8169d4c7a6a0606a3d368a5607ed
122.114.xxx.xxx,IP,True,,0.0,0.0008138735450981742,IP_3b48b60fb7915ffc02c613be7258786f2b4ab29c9e6b6077a082195c8c9bf07b
10959fbd02.com,Domain,False,[],0.005687595786262331,0.0019048423257377034,Domain_10959fbd02fcbfda39cbbffc97802e7a690c96b3a63be697ca9fe0e837e7ac76
122.114.xxx.xxx,IP,True,,0.0,0.0008138735450981742,IP_4075227b406cf9b72eb30dc3d8928c1c6802bca4ea69eeb299ed0d39209cde5d
128.14.xxx.xxx,IP,True,,0.0,0.000765401990841974,IP_782c654b94af60e5d1ff0c4f1696c402c82a21641de1283d57019f4d58ecb08e
037b0ab0d7.com,Domain,True,[],0.0028866414168377164,0.0015642745317606438,Domain_037b0ab0d7de3c273a5c55c523db5ebac1ea2a889aac0d20398445f56a754b35
e94984bb95.com,Domain,False,[],0.0039241744381256,0.001847473003155239,Domain_e94984bb956c525d8988be4b5307ebc0d5f506adf790fa6faf053dfbb6524ad1
fd74d295de.com,Domain,True,[],0.0038911677006268006,0.0018805332415132408,Domain_fd74d295de8508916b63393bace482e0d6ebdca05ec1339cd7c0e83489452d08
129.227.xxx.xxx,IP,True,,2.5184793421731957e-06,0.001253130300883911,IP_f5702c9a1e922864d2f61af1605c31f0a1b9c3fcdafe761c087435fcb8e72bee
e7803d84fc.com,Domain,True,[],0.0024550849141680943,0.0015869820541645674,Domain_e7803d84fc17535201235c4e9c8f93393e0dc3417cd9f386d7c949d138540dae
116.255.xxx.xxx,IP,True,,0.0,0.0008138735450981742,IP_4b3a5597b7f6cf1eb766d29e519da24f63ce4d8d54e9c29e0492c72fb38734b0
4672563013.com,Domain,True,[],0.0038834951456310695,0.0015162689655279084,Domain_467256301300487c63489cc3041bd19bdf58b16d71f2337b53759d1c6eddae8d
96f3028112.com,Domain,True,['B'],0.0038834951456310695,0.0015162689655279084,Domain_96f3028112cdd5547f5785427a71df3f8beae9efdbe9f8fafc21667d46bdf6c4
934c0d8101.com,Domain,False,[],0.0019786491462968126,0.001684733361059832,Domain_934c0d8101fc7b6b7db9b57fe09ed5e696b9064434c45e26bd0e36538ab06183
0a58fe025c.com,Domain,True,[],0.0,0.0007213774373543871,Domain_0a58fe025c2e92f3f283108803fd92f2cb43383c9fa8b8b9088063b816cfbc9e
129.227.xxx.xxx,IP,True,,0.0,0.0008229080920694142,IP_4aa2a1dcf6ece69493d503c63652b7dfb483a8cfc99df5c32c944aaec278cf0c
833d47871a.com,Domain,True,[],0.0,0.0007213774373543871,Domain_833d47871a444f8f396a33899878608b948c550b5050ec21d6d30ab249844623
06d0386c0d.com,Domain,False,[],0.0013950971872773393,0.0016488201102442532,Domain_06d0386c0d3265d4446e89e97d316fca60a643f48052f3d2c29f5cccf4d063e0
9e2ecde5b7.com,Domain,False,[],0.0013949922506380841,0.0016362598594906054,Domain_9e2ecde5b790d1c860f1f5c1e5342f7443c280a07284c040d3223e34c0cd940b
122.114.xxx.xxx,IP,True,,0.0,0.0008660851186272516,IP_3025503ae9a10870237afff84f60ceffec4345c50abb80f7d14823c0aa53d92f
21bb02ed9d.com,Domain,False,[],0.00197864914629682,0.001684733361059832,Domain_21bb02ed9d19d9a230f5b65491769fdb18f90b50182f0e77c89008fb09a89e55
27d002ed54.com,Domain,False,[],0.0039241744381256,0.001847473003155239,Domain_27d002ed54d21ee885081c85fdb8c45b7329bba29d031b97f9e37b766543c713
122.114.xxx.xxx,IP,True,,0.0,0.0008138735450981742,IP_b706e82c207b93b72f11fb77638aff7f87ffd1044b54190bd382984519b1a894
129.227.xxx.xxx,IP,True,,0.0,0.0008204977756984494,IP_0cdaf392bef922c177f93961d2672f06e119d0c0a8e4ee61c584d7e136858d4a
122.114.xxx.xxx,IP,True,,7.303590092302268e-06,0.0013400559206399364,IP_7744633e927955e57bf61fc86f47adaf811f3daa51c99259f7eb4e4df09bc898
8fe164b151.com,Domain,True,[],0.0017739748739710962,0.0015001883558441538,Domain_8fe164b151348a8b6b0c2e5f4dfe638289d21fcd626531de3d000dfa7031f617
fa798925ea.com,Domain,True,[],0.0,0.0007213774373543871,Domain_fa798925eab7ae61a32df87781bf3cc26f69cf2041ae3f8a62fa7036b5129a36
81633e2f04.com,Domain,False,[],0.0008172782158748208,0.0016661708697985425,Domain_81633e2f04becde1a05efcba408bdd6842b4139c8c0e074b120fa9310703a128
3192a29be6.com,Domain,True,"['C', 'A']",0.0015993476725098047,0.0017106790318411912,Domain_3192a29be6a20925e0c77c886c7c4b5ae936da9dc0680e87214c2ff6565ee4fd
1afe307e22.com,Domain,True,['G'],0.001159758353290892,0.001214798103163673,Domain_1afe307e228bf6c1da564069d19b5483f6de851fe6d2b6b5220691c2617af9a2
129.227.xxx.xxx,IP,True,,0.0,0.0009348429780422246,IP_ce8adb93fc3d3cb465f37853d9ea94dd5897010c07dc1130cc7b9cfa535d71e5
f37140ce05.com,Domain,True,[],0.0038834951456310695,0.0015162689655279084,Domain_f37140ce05863e857a319addf144e2abf014978e2861b676adef3caf5ccb216d
96e92bf5e9.com,Domain,False,[],0.0014580381737115242,0.002005122981583013,Domain_96e92bf5e91f644c60f67c725ca4bdc7c958bc16a5b6090dfe7bfac8a84c9961
1d8e02f35e.com,Domain,False,[],0.00232328929475118,0.002181618972772044,Domain_1d8e02f35e2cba9afb64a653aec2d7703559001c9d4f24c9b119eba50c47df10
56c98b63ab.com,Domain,True,[],3.3676195724786084e-05,0.0012827759990664633,Domain_56c98b63ab424940a6f201947b6ccdbab5e424267cb2ebf0eb00716f18541b1c
f26b45844d.com,Domain,True,"['C', 'A']",0.001620781916448536,0.001716688892575464,Domain_f26b45844d5976d3a96d2e76c76c42aeda62d274e90444a8a601b253038b3b2d
122.114.xxx.xxx,IP,True,,0.0,0.0008077609904163369,IP_415760b9d82c8eae41bb337f629c8aa51010d9a90875ac7c33aaf93b217e17b7
37b8bdaa5f.com,Domain,False,[],0.0039241744381256,0.001847473003155239,Domain_37b8bdaa5fef9063e81505b6263d87057bd5b14f8c7f5638815176314a6a74fb
42e35f943c.com,Domain,True,['G'],0.0038834951456310695,0.0015162689655279084,Domain_42e35f943cc236cc310ce1fbc67924a0b9ddd1e0b2aa6aedc7bd2bd7721cfc66
1c2d758233.com,Domain,False,[],0.0008172782158748196,0.0016661708697985427,Domain_1c2d758233418a5d9119d1c9be4e1ca865b321619e12d7d3fcd2398979606a81
37fbbf3640.com,Domain,False,[],0.002277956666592048,0.0016993632653107649,Domain_37fbbf364020eab650d42dddc423c9a011a23e080ca69e84d0064e8b96547563
1f73727651.com,Domain,False,[],0.0014265817619205478,0.0016286750151130833,Domain_1f737276516b18b664b6a987e1eedf75c954d5b5ab0aeb2c9d7f12fbd0e9089e
0a3c18d1a0.com,Domain,False,[],0.003924174438125605,0.001847473003155239,Domain_0a3c18d1a0ce1ee206fc9cb2f2e790211e07e176909a8707934dbcd05b5a79dd
3d4959839c.com,Domain,False,[],0.0078001141457301575,0.002582673498430811,Domain_3d4959839cdfb53dad7d505810fd6fa25209c5e989ddedd70120fb0c8faf7a65
db867746d7.com,Domain,False,[],0.0039241744381256,0.001847473003155239,Domain_db867746d7c7915c359490e9337aec25fdbc9de603ccc6c048f366ee16322bac
57fffe999b.com,Domain,True,[],0.004487569041208028,0.0020875638706762626,Domain_57fffe999bdcf45504e6dac64753d154275f0e6298a45703cc323a0ea03c1f22
40dc04d949.com,Domain,False,[],0.002262847447995373,0.00170041308985768,Domain_40dc04d94942c292a2cca35e788b81118ec70b5910e89bb23433a81332ef1f2d
4aac87595c.com,Domain,True,['C'],0.0020125284773785217,0.001843547964020712,Domain_4aac87595c0888c4e34446d7f087e51bb05615e2e67d607e15a04573886c8807
122.114.xxx.xxx,IP,True,,0.0,0.0008077609904163369,IP_88f1afe33950353b721f17f5d6736b627d2ef532861c3bac6e448e395326226a
a1cf0d8bb3.com,Domain,True,[],0.0038834951456310695,0.0015162689655279084,Domain_a1cf0d8bb3339bbd0b4e257c452fedda9b16a989559a6a81a3a4ad5cb6bb64ce
9a0ad40bea.com,Domain,True,[],0.0,0.0008566410406437752,Domain_9a0ad40bea0ffce730b6bfa6ea8e70dc468f4b72f4b621f67ef836946b50f2d4
600802ddcd.com,Domain,False,[],0.0008172782158748208,0.0016661708697985425,Domain_600802ddcd3b7a56a5a77b20aa77abf7223b6415c8d7f073a42d5f09bef55650
122.114.xxx.xxx,IP,True,,0.0,0.0008138735450981742,IP_60a434bcc57af53ee199b374e4d543019aae5aacf248f16b915455498262c47a
f188ab2159.com,Domain,False,[],0.003924174438125601,0.001847473003155239,Domain_f188ab21596aa3f2bf35e18e323d3fecc1832dabdcdbd87c4f660a9457310b5d
122.114.xxx.xxx,IP,True,,0.0,0.0008138735450981742,IP_c8dbdfa05db740b4ffc230968f42ee9267dfbc5af7fafb53ce1f8636de4708b8
122.114.xxx.xxx,IP,True,,0.0,0.001274558706794374,IP_dc98c2d379dd91b7ec5192d00811b7f6fb96280416ed77b273ea51d89c9dbce4
148e301262.com,Domain,True,[],0.0022129244927370016,0.001495285455679738,Domain_148e3012620d0f80d33cdcaf5bafa5716290f94bfc105b3c85467448d700df48
122.114.xxx.xxx,IP,True,,0.0,0.0008138735450981742,IP_96e0f35eb8a9e608b68007be56dd51491fc4af3896c7763d478821ff3f1bc509
107.151.xxx.xxx,IP,True,,0.0,0.000765401990841974,IP_4eb843e9647d2ddace308c091ac023a751357f98568ed0901298979b6d5ca3a2
438dae2de9.com,Domain,False,[],0.004829907967981894,0.0018708236157330886,Domain_438dae2de9e692f899c255c8750c317a45848a61c57291515f5aef34bada1747
9db18759aa.com,Domain,True,[],0.0018773584509673054,0.001514237279744136,Domain_9db18759aaf44cce545b50645a863be1244ef0789114d0e0be0c0c74d750e3ab
122.114.xxx.xxx,IP,True,,2.5184793421731957e-06,0.0012773505301717741,IP_997ce7d79fa6c7dd31ae1c28fb6af0312c423f30a3fc5f8662d8917c12fcea03
0ed1309308.com,Domain,True,[],0.0015277095689622364,0.0014928644811294338,Domain_0ed130930887ded02491e9035118f75e6f733d7eca909e7740d1f02b94b996cf
397549db37.com,Domain,True,[],0.003883495145631066,0.0015896932181326186,Domain_397549db372437d24a99aaf56328fe6f1093787618706af81ca8048334d477e1
7a65081be0.com,Domain,True,[],4.067929249452134e-05,0.0011553994444349674,Domain_7a65081be00e385a337b8f263b3589369deb19c139cb5bfb185d2be92f499b9c
d743da95b4.com,Domain,False,[],0.001467808229698598,0.001762989059859222,Domain_d743da95b4745bc335c4de76082acab5970caae9962fdee844d630b1e4795ae1
9bfcfddbd1.com,Domain,False,[],0.003993261694633105,0.0018257795968259828,Domain_9bfcfddbd1b1f810e850f5a8a9d1778a901a1dff42f84d770d386cb81da3260a
26ffeb8091.com,Domain,False,[],0.003993261694633065,0.0018257795968259828,Domain_26ffeb8091d897f8602814647a48b18f452330f5534c0c9046044cfe4fc7ada5
f8f18a7e7f.com,Domain,True,[],0.0012894614231926604,0.00116429029288247,Domain_f8f18a7e7f9a07e75ffaa70cced747b9db8e82470ad8aa65e63e663b9bfd9ff2
122.114.xxx.xxx,IP,True,,0.0,0.0008301336675809597,IP_519fe5703624bb51b98e8b4454b36d754cfd958dc8743186ab83f1f567214a50
df1caba66b.com,Domain,False,[],0.003742070494433536,0.0017421026836422968,Domain_df1caba66b95e4c9060f06866f9722c5090a57795b6c99540131b3afba33def1
557034d0cc.com,Domain,False,[],0.003993261694633129,0.0018257795968259828,Domain_557034d0cc589cdf34fefeeede3cb6814ff698003804c61e0cebb64685a4b414
122.114.xxx.xxx,IP,True,,0.0,0.0008138735450981742,IP_2d16a84908a1b15dbc98eb859850563f86e2f302ec961e2ad1ddf319bf561bc8
72dabe919d.com,Domain,False,[],0.0039241744381256,0.001847473003155239,Domain_72dabe919d2b11cc2340d077c934bb87783cd136302ee9697f6cdbffd60c298f
27bd94afb4.com,Domain,True,[],0.0038834951456310695,0.0015492590053223006,Domain_27bd94afb4fe30d1f42b557781038aba3896d643909fed8d0032b25c18a8b366
122.114.xxx.xxx,IP,True,,0.0,0.0008138735450981742,IP_ba9aa710a095b5944f049470bc8dd2ba8f9a74276ca97b5aa6eef4e2082a6f55
107.151.xxx.xxx,IP,False,,3.132738350635448e-05,0.0016123557730415895,IP_3d5eb0274501a040b46eed83cff71f8b0115d748616cf911cd677363bf0f5933
9a25203437.com,Domain,False,[],0.002061737335205197,0.001643163892348953,Domain_9a25203437f5e018d87e5546823de292849de423f97f952590239e5f096d052a
