id,name,type,industry
IP_75f609af998637dfa8d917054f143f1c3a0984b03b99d57743c7444f54306029,104.27.xxx.xxx,IP,
IP_3c2d01b9274ee68b8286f700035d14baec9c027ce5a4f654a3637aee050cc85a,104.27.xxx.xxx,IP,
IP_dcea7712c0e65722dc3f5ec9e04534fd26d757dc0d82d4f239ceb8a7f7446217,172.67.xxx.xxx,IP,
Domain_92f2946ef09811eedc48f087c984230c0bd0f0ee11561eced4e9ec703d0b5f7b,92f2946ef0.com,Domain,[]
Domain_08118fe49ac3e30b6d3f5689e49217c4c7c4c6904a752b5248ab9247233e6c2e,08118fe49a.com,Domain,[]
IP_82e5d529217acefde0069e20766bbd75c57c359e9a3598b67fb7cf87ddb3ab65,172.67.xxx.xxx,IP,
IP_ce8f31fe18b44f67809ccf4b69a5db33f6c19a723dfa7c7ff467d16369157c48,172.67.xxx.xxx,IP,
IP_825c779e93a3dedb1891dc47f63bc4b91cb737e0660904ad05c6050ff2290a2e,172.67.xxx.xxx,IP,
Domain_ee2f28b93be565839d306f29b7a594a6d34a1974f928aad78e18ddc35f0758f8,ee2f28b93b.com,Domain,[]
IP_dd938bb8f5b1a4f2afed83e4be4ad7dd3891e851adac1bc5d8e0ff98e6babd90,104.27.xxx.xxx,IP,
IP_8cbc0c7168fafb8a7cfc5402ab500be3fab5d606b8863eb8016541da0c81dd55,104.27.xxx.xxx,IP,
Domain_24a6a339d87e0a458c5404feb3627d2e7f7bd67cc9affbf1ecbb6f44eff64b52,24a6a339d8.com,Domain,[]
IP_746306e6392dcf4324fc343dc637b53c14e1555b29805680868633c89c2822d3,104.27.xxx.xxx,IP,
Domain_55f5b3fcc5fb631fd9aa02c0f0dfa024c329c3db89dadc53af6a013776a65b29,55f5b3fcc5.com,Domain,[]
IP_38e992a5607a03418e7f5a2ce86ce8d0a6fa6979b75341295b845f02f1628221,172.67.xxx.xxx,IP,
Domain_6ef8c6bdd52b184d8aace57d0d0c0c3a2707d4f4fcb925ce19f51f1db15bcfa1,6ef8c6bdd5.com,Domain,[]
IP_cd02e6bac3884a3ddc69c5b53f02e0bbedd70b950fb519319931bdaede1821be,104.21.xxx.xxx,IP,
Domain_2d5551230169d2e42d16d672cb8ec18ac56036cbc8f1a0f2a1d66930deb25f02,2d55512301.com,Domain,[]
Domain_96ee71393306ea7ac603cba6e68bac47a651c0991c6ec51d53a5b98281e0766d,96ee713933.com,Domain,['A']
IP_e25b495762f84b04cfbdfab565f14e6539e82c77bb144efdca2bb79d62ff51e0,104.27.xxx.xxx,IP,
IP_e7a9bd04a1886d6af2870bb37f8e31cf02b2733843bcf2ad7a708a89d358d34c,154.85.xxx.xxx,IP,
Domain_3c862fdc4b9a583b9d0fefb8513973bdd4658e480cc8fcb51623a30b1310baa6,3c862fdc4b.com,Domain,[]
Domain_9c6dea1a4b77dd05b87b5064828009b5734c101dcc43c0760b1706c29d1845af,9c6dea1a4b.com,Domain,[]
IP_03427d99f8be9aeaaa1bf2f377b74d69f80db7010283c1462eea1e1bedee5a28,104.27.xxx.xxx,IP,
Domain_7ce81d3585046e21b26d838b5f18e321aa28c29ef89e25f50e35f24dffb49362,7ce81d3585.com,Domain,[]
IP_e47e95fdd0378911b237c6a839c3918bfe0872569076e0ce623d3db28c86ce36,104.27.xxx.xxx,IP,
IP_55cb54fbcbc7ef4f2bd3456129c20fd8e103a4edfb19780b3232828fe975caa5,104.27.xxx.xxx,IP,
Domain_ba1965cb016245d853c9e5b07c2df0c20f253cac675a3478d3834ca86bba562e,ba1965cb01.com,Domain,['A']
Domain_ce03c954333dd3932b27efc217519d0d6a9f225f90dac542cae90f857f8a6d51,ce03c95433.com,Domain,[]
Domain_56a5966e54daaba0a4f143771372ef8e3b5cbde10888ec8dbe3427f123a6bab6,56a5966e54.com,Domain,[]
Domain_f94e43ce692bd041e398c74b44d8661a319247b9fef2457b305376220c369f53,f94e43ce69.com,Domain,[]
IP_f570ed5950e8de33316d7f7e5959f927714db78cf14df11c934954f7296e6d8f,172.67.xxx.xxx,IP,
IP_60cf0a6d44e4b525b92ffa15587c4152624bd0418eb9efbabe9b3ec13e664ccb,104.27.xxx.xxx,IP,
Domain_4b12eebbc0b595cd30478a0f2d769b57d0f2a02be41ba2b5c7739f54fe58d07d,4b12eebbc0.com,Domain,[]
Domain_4263a8efa1b37e979df4620ffea8e1e778d6e32b0d9842220b0bfdc13e21d81e,4263a8efa1.com,Domain,['A']
Domain_fdb67aa25b69e6794659a35b53fae51805b12a0bf06562f41d6703b289a1ac02,fdb67aa25b.com,Domain,[]
IP_439584f06e64b6fdbb3a4162d650ae17e1c349d7dee3a49362b7e9353888fba8,172.67.xxx.xxx,IP,
Cert_749d3e69cd1efeaaa020fccb4bdd28af4bbd7c52df8347239144605a207adcb1,749d3e69cd,Cert,
Domain_aa8d79a71b32f73922ffec763b9d6bb25ce14847429d75fe8083075755f0f064,aa8d79a71b.com,Domain,[]
IP_54ab4c38e88f93c27360d41972ee7ff6b5c31f68ee638b9fac5c0702c71f1fba,172.67.xxx.xxx,IP,
Domain_6ffd741fe113f8b313ec670c91031af431ea362616d718f901c6f6265feaf376,6ffd741fe1.com,Domain,[]
IP_69036b7c66db1ba2f5e1a934bab3542cdf7513a8eedae6f856f0deb6b33d9e07,104.27.xxx.xxx,IP,
IP_335fdbbecfb8fd3abcdc6bae96a8aa520f2a851664796e80c6df64808096a56e,172.67.xxx.xxx,IP,
Domain_8dc519c9ef5322ace2fe37d0dbae3c870da9ad1446f505b4bff443c34c308ac4,8dc519c9ef.com,Domain,[]
Domain_c2529c9c926ff08c980d52f95ebc3e709631d8c4db04af9b7d42e27bc3ce8595,c2529c9c92.com,Domain,['B']
Domain_e2ef2fdbb2309b5b99e22beeb31dd57b4c808387fdc3f5080ac3b37a00385c89,e2ef2fdbb2.com,Domain,[]
IP_c583e371d6faedf41ebec9c93759260ca0574c38d4d18e60670dc5901784c69a,104.27.xxx.xxx,IP,
IP_3f187e327c9f2e40b0e7aa9c2081d9360bb1ce14a4de2ee23a7ed9537e0b65a3,104.27.xxx.xxx,IP,
IP_75b1b7ff6e1623237b076340440e9dac484e9940d1d7a4267bb39447d5161a8e,104.27.xxx.xxx,IP,
IP_fc39d671d4a74d48120ea64a168c008ca462b9afcf70ef54bb54f03ef5ef7e88,104.27.xxx.xxx,IP,
IP_2b1f6b60b8c7ba7a58440878bdb75c076911c2c8f380d1469bd656f5bcd54307,104.27.xxx.xxx,IP,
Domain_c6d7582f3e79955ebdaa97f54c7917ee6115004bcde140f7a1341590e2bb5631,c6d7582f3e.com,Domain,[]
IP_c1c4585550ad6dcd72a32c6435ca2c19500dd29d212725e018277af74a89e8cf,104.27.xxx.xxx,IP,
Domain_f87470047b79b294c2d273f7a5a3d4d2dad4559cc546c2d70dec8434df066629,f87470047b.com,Domain,['A']
Domain_ce0bda6a7ce8975caee5907aaf07f36de6dd5d59d5f0c914fd34295c1f429b50,ce0bda6a7c.com,Domain,['B']
IP_74942317bf3c9b569c26ca4cc8dc6d835cf52d3f45b216d20f9d7e722f68b704,104.27.xxx.xxx,IP,
Domain_d8153f03fc26391bc3d07150141b2d0fbbe731e3e6fba71a3b93f8aea53a8a0b,d8153f03fc.com,Domain,[]
IP_a6103d0bc435c3a36848f4d39ce186c30de622208cc42a172f918abf34d39023,172.67.xxx.xxx,IP,
Whois_Phone_341ae9b8c87baddfce5e39d1cee049ea55983cadbbf0b9ee12bd0b9e4b6b8ead,+507.8xxxxx,Whois_Phone,
IP_e39e6d82010d7a966ba9401d5309a3e71320aa9375114d8f7a51c4c85c47cac3,104.27.xxx.xxx,IP,
IP_749d67481b52866c2159dbb084a290bca94e1379447bbf6513941c14504ecd2d,69.171.xxx.xxx,IP,
Domain_02e61e17bd051ebdbdc9e6d43959d5c4d3c3a39909b8bbe773fb2f672b09d655,02e61e17bd.com,Domain,['A']
IP_40066c27e752cec539d48cdb49f6d0bb4cdff68e364ef11a2b1d95030c0e3370,104.27.xxx.xxx,IP,
IP_428deda9382334b132d757b279392d885827a240177b64ff2e4c9cf3fa34605a,198.54.xxx.xxx,IP,
IP_c14dffd31b9cdc86fa01f8e2de763a923022ae51ac77bb7e4981879554baa07d,104.27.xxx.xxx,IP,
IP_c1c159f497c00c43e25923409e3bcda60721a02803343ccfc538fb1bab385ced,104.27.xxx.xxx,IP,
IP_a3898ffbc402c78c6c515ba42cc35ba296a5d322ccb3622d1e280fb69ef7504c,104.27.xxx.xxx,IP,
Domain_940d6538154fc44b762de26af652815ee206f13a4e9e7b66d893ec032df1da1a,940d653815.com,Domain,['A']
IP_6f2676c539dc1000cb226d2363f63a0243c2296bfe6e48aa6442a3376a2aeb29,172.67.xxx.xxx,IP,
Domain_06422e2fa0c2544637e2a8dbe9f364208845b419d9ccafc293d7b6c8e345fd48,06422e2fa0.com,Domain,['B']
IP_cb1599ff775ee3d0e849b13524ace44eb7503e97fb6108bfac0bcb985dd9d646,104.21.xxx.xxx,IP,
IP_f76f6d0237c98e79111e20783c3f6f5e850585c42d8d66251d79c864d2d28ee0,104.27.xxx.xxx,IP,
Domain_2ce0fe24b76837389d2c699b39db840daa26ab1fca1a89b42b317364dca34453,2ce0fe24b7.com,Domain,[]
IP_6f27eb6b6241c4b1d5bb6ace90e85529a295597d92e3712a2daa35452addad88,104.27.xxx.xxx,IP,
IP_e407979971e0ddbb5d4f883e19d22c7d3617c4ac5d5a043a1191b27096d5b1df,104.28.xxx.xxx,IP,
Domain_ad2985d2eb6685b66a5d7b699e9df826faa3bba78b60e972335df61df88d3fad,ad2985d2eb.com,Domain,[]
IP_cde72c56799b91fa1ba31f615826e35d4485572d926ca2d6083a24d49a5f1877,104.27.xxx.xxx,IP,
Domain_a5f37424f82b2df6d65614a01a65d6c2b9f29372810b880d216786fd9aeca350,a5f37424f8.com,Domain,[]
Domain_934a4fc0e4e9f654d283b600e37219d5f8c8651307ae5c4b24a13c0e98423045,934a4fc0e4.com,Domain,[]
IP_6d215c36c4d9ef3427a16056935b155c851e5a4d17f3c499265296e4a4fc587a,104.27.xxx.xxx,IP,
IP_ead52fc5ab1d839a838b82131720466bc15b34669ce4b3a84cf2f6ade719f398,172.67.xxx.xxx,IP,
IP_1bc344618b55b5693995fbbec6bca81bbeceb8acffb26567d9e481f64abd7ea8,172.67.xxx.xxx,IP,
Cert_583a4861c3a4a73c044203997981853afbbad8f7c2de371f2916392397d8a7c7,583a4861c3,Cert,
IP_9af6253b32466667051642acf1f4457ac135e0e0fe51046efbcee1a1abcba9c8,172.67.xxx.xxx,IP,
IP_8634aaf8591d25958c15b8b7e8c99591216e31f3fff0c0abb4f81fb160e2521f,104.27.xxx.xxx,IP,
IP_e5656a8bb5c4e2281875c5c244f23c18e517d9106f2ceec348d38ca4ab6d6094,172.67.xxx.xxx,IP,
IP_1aced5536d3569f87f67654c01acb61ac56a6235e8b5eae1098c91b0ad93d016,104.27.xxx.xxx,IP,
IP_7362386d4ad39309e717b73dc66ca789a909883282cc2b0e43382c30c8f9ff5a,75.126.xxx.xxx,IP,
IP_691a9af152dceea7893731a5f552b83410b9c47549ca30233d6a439639f9cd74,172.67.xxx.xxx,IP,
Domain_6622408030eda932e50f34beacd787b419f87fe7577d2e6330372731cd9076ac,6622408030.com,Domain,[]
Domain_59bb97680cf0e9e8d1a0b3798bedba46b8eb0b88948bbc3273d2c65924e50df9,59bb97680c.com,Domain,['A']
Domain_af27e0362475c41434eb93b10f6884a21fe082534dcf09212b45e4cf111fedfe,af27e03624.com,Domain,[]
IP_7499f338803e2c42594aa9f0f23029e42c0c60a02fa7110d5376dd5361925d85,104.27.xxx.xxx,IP,
Domain_4a57d2deef30a99dd63f13aaab6e0231d809db24bc480eb739b1407589bb3913,4a57d2deef.com,Domain,[]
IP_87964e3a0396497f618dfb4d10971159e1e24258920ff3040cecb463837dc756,172.67.xxx.xxx,IP,
IP_359b70bd6a865ca3f6cb50f0d77e77167a8faa1e8a17bd6e4b0639229e51027e,104.27.xxx.xxx,IP,
IP_1f98272a92cbf898d76c773982822939e8f56d3a3305348bb7597c6bb2a55094,172.67.xxx.xxx,IP,
IP_0e5fb28a4c35b6d0c8e1ef79bd123bb6f67ecc6aa1813dd4dfafd2545811bd9e,104.27.xxx.xxx,IP,
IP_02040f1c77c2508dfe25b55ee0e38ce04790fd7a7c9b40575e6951560cab9c8b,104.27.xxx.xxx,IP,
IP_52487bc81cbb28d1ec74b62f9a8a16acddeea770fb0c32c42247794206592c03,104.27.xxx.xxx,IP,
IP_3a1b3adaffbe523dc9a7065e8be538df3505baae809d44f17905ac6dfae21a3d,104.27.xxx.xxx,IP,
IP_3c8330d421595114db124d07e87498857cc0da8d8a3257844b6136e69d907d65,104.27.xxx.xxx,IP,
IP_d7918d321158c47d3ede908ae3edbc29962896825da5db5a9c33e49b2d60f915,104.27.xxx.xxx,IP,
ASN_f89b33c4980faa7ab6d670ac01b496af281357344676626c914b478ba2c60602,AS_f89b33c498,ASN,
IP_e6748d9da74c50b5a6b60ab4c2c933772cef58c0de6d9d22cab3d481d212c757,104.27.xxx.xxx,IP,
IP_0c45be9fdea5f1dd1c38930251b07b17fb21dda5dfc614a0c7c54b4a7fec15c9,104.27.xxx.xxx,IP,
IP_d9623f9c4854732dc09d368812b7b9b7b7217e217dafd60219d9866f4597f2ca,174.37.xxx.xxx,IP,
IP_4310648df7dcedb5d5b10052c62e3a514b69ab8d187b7c0e602aa8689a7d409f,104.27.xxx.xxx,IP,
Domain_ea2ab71df5a23e7b5e04974a82d7189ed001b72d03b0dbb8dd3b04c810de922b,ea2ab71df5.com,Domain,[]
IP_f371b2ac85366c1890a3ed193761957964aef6c6473f0abdf68c1b70b106f821,172.67.xxx.xxx,IP,
IP_225ee7ee316a099c50aa8274a547188abba2ce008ad4dd73ef931da43d2cc2e0,172.67.xxx.xxx,IP,
Domain_3e19fac7480d58ac6167b9e5777f8ac3e3aad336c1ea98315414883b987ec466,3e19fac748.com,Domain,[]
Domain_b80d9b78361e1165a3e3007d8599832d81d9eae2a440486dce1addfbb589401c,b80d9b7836.com,Domain,[]
IP_2dbad4fff1c0f27411274d7d6a8425b2e0b415ffb7566733b6059e704526b88f,104.21.xxx.xxx,IP,
Domain_3dd83704311066c83d1eb7ac62a5fb2118341d07896a4090e6e08b6655ace168,3dd8370431.com,Domain,['A']
Domain_955d9110cbd274e2a98f94415c5444254dc4c5fb944b91ee41b580d2ac6881c6,955d9110cb.com,Domain,[]
IP_609bbcc1e63b5176162def8dcd4261e4d4365d7e7f63874f296cbc28752ea9df,104.27.xxx.xxx,IP,
IP_faf5992744159fb4040d4f0ad274e57aa84d2e0969d9e7b8126868dc4cfaa443,104.27.xxx.xxx,IP,
IP_5f342aabc144c535d324772ffae234bb647d2889b44d518d98aa8a9d6e639e45,104.27.xxx.xxx,IP,
Domain_6ef93e8dc4c54bf45373c820bc1f4f2e7c3e0d1f0d6feacb286073240136c1d0,6ef93e8dc4.com,Domain,[]
IP_d59d6951a11dd0f96ace7e976cef4e1e33d457b90c420f49e3de1956522599cc,172.67.xxx.xxx,IP,
Domain_47cb4baff33de8388acabc85ce5ac30900f281a680ad021295254582b2c87b26,47cb4baff3.com,Domain,[]
IP_c45b1da565c5f188620c8735c9aca3c9af02b8db58d107aa1f14ea5ebfcca4fb,104.27.xxx.xxx,IP,
IP_ec506611330ab7232943d5bfd0afb397e319f421821511cda3ba7215161a5d39,104.27.xxx.xxx,IP,
IP_effba7a748ac560810b27dd1235b31509af9dc8a7165b6f8de83c8d1bed3df2d,104.27.xxx.xxx,IP,
IP_4fa333f894c7476a011415cab9d5d879f84c9075dedc403fdf900405f33512f6,104.18.xxx.xxx,IP,
IP_72f97327d1d1bf8d53b360b4bda35b7eb0adfa22d2d57d9c8b65d85c55b1ce2c,104.27.xxx.xxx,IP,
IP_1b28cf20f17e7d48a34c4cd1cd7f8ff45408f29f85fcbe41aff802bb0f65ed05,172.67.xxx.xxx,IP,
IP_1f79fa26a98d009c51d24d74726547f35c19263e1316d3d5fc2386d5fc7d3716,104.21.xxx.xxx,IP,
Cert_09d9bb5e0397c3368bc73df842f37554fa0c26e75a9ead1f631cc17bb8e50817,09d9bb5e03,Cert,
Domain_34f8bcb40bb5572d0ff514cc8e0132867632bbd87a70a97aac104bdfc06f6c56,34f8bcb40b.com,Domain,['B']
IP_6d6d36f8b8204494d816b90fefee910293ab4080aa824e46b7a888415875a506,104.27.xxx.xxx,IP,
IP_7f541c103d060c4bc863af725bce462f5fa1065711943de0ca272dcc01db901a,104.27.xxx.xxx,IP,
IP_c524709ee135b8a40d864ca632174cc106ce0bd2d9ed9cbe019a0d69e773ee20,172.67.xxx.xxx,IP,
IP_671e3291aa3364e493814a7ea2ce05960e4a6f036eed8c11b516f1f6c0e7aa4f,104.21.xxx.xxx,IP,
Domain_dd584f855d3ac86195281809c3fe54032c04f2e9b623aa0e3c094a6566a59ff1,dd584f855d.com,Domain,[]
IP_d5a019ba4f105a253cc898944601a1b989caa2686ec70addf0ffffa2fe6b0f29,104.27.xxx.xxx,IP,
Domain_08dfd60004fd1318168413fc6ab57e8ee3cadba8f0b64137e18453a19c8e90a2,08dfd60004.com,Domain,[]
IP_9ce6d3699cd03275d67b8f69b07fd066b057a3bcf8bbadc1b94d4e750fe80c8f,104.21.xxx.xxx,IP,
IP_c0f53fe4e876dbdff31d410a6e6687613a5a420c02ca152b6e54184cbcad543d,103.252.xxx.xxx,IP,
Domain_f4f614584a81b6a56f3cccd633e60d4e67657270f16b4bfc7aadca7f70ca3d50,f4f614584a.com,Domain,[]
IP_cd2c4b096e389e53e334181ee407d079b2cdb16765e28cd41be75c41ccc4cd2d,104.27.xxx.xxx,IP,
Cert_c810d1d35008bf223a93e857eb5b2b54da4d09d113ad89ee3d335c6c7539f728,c810d1d350,Cert,
IP_8ed62530994676c31c210cd08f1a0eb6e13212a08075152eaae0a7b874a78709,172.67.xxx.xxx,IP,
IP_f7c7bf96230f5f2c472d86bd4c1add95b8867dfde44cfae47bd0d5862e953b8f,172.67.xxx.xxx,IP,
IP_a60a209b6b00a6f8134a81418a874e5b7750cbd7751c5daf382ba586f2414355,172.67.xxx.xxx,IP,
IP_552959f4aee7f7455addf5b0027882f61813f974366ff07ccb9e5cba370ebaf2,104.27.xxx.xxx,IP,
Domain_4c7c8f3a0c6d7066d6e5f3c84df9eca63744ac52a5d2db2ebdad0825b7358309,4c7c8f3a0c.com,Domain,['B']
Domain_b4f2e0fc831860fd7a9df68e238679a094078fe358b8d546a4323f30900c5439,b4f2e0fc83.com,Domain,[]
IP_3e4789d03c3dabd1f7f9067e53bd343285880d680e869531432dd49da70c935f,104.27.xxx.xxx,IP,
Domain_a952119c9d107c1d4d83cfab990918ee974867ae693169d1c23b816c551d2376,a952119c9d.com,Domain,[]
IP_e693e8e98cb770a797fdb8f1a6fcb33655af97c273b26266860d87c5bed705dc,108.160.xxx.xxx,IP,
IP_e108b9d4bfc76007bb0aecd26a11368c46a0f5c881c160301b4fe79d0f3f6518,104.27.xxx.xxx,IP,
Domain_b31eb3fda0e29b4b59704e9e924d5827a998dc5d79e02744165f28bdeac01942,b31eb3fda0.com,Domain,[]
IP_f5b67f2331c9e799e4cd8963ca4aa8cb287729f18334793cabf157d97e29e9cf,104.27.xxx.xxx,IP,
Domain_7419b63a77f151103bd50f96c09a478e74a05e220bc366622fdb245bc710cbc8,7419b63a77.com,Domain,['A']
Cert_33b78f789be916380d0662ae9285d60b1eab58634ea00a78c0f05a8878e693c4,33b78f789b,Cert,
Domain_54b0095bff1af19196db2fa6150be9a30b490246ac48ad9abd4310ea14900ab8,54b0095bff.com,Domain,[]
Domain_cf288b72bfe3ca48ffe05f6e18c4a0bf54ca54dac55a5a4eb7938faaca6e2155,cf288b72bf.com,Domain,['B']
Domain_8386d84665821ef9a9ce997589c00f7a80ccd0534571a37fa1c72c4a0308ee5e,8386d84665.com,Domain,[]
Domain_08818a66ccb5d871fcf010882eaedbf02e2ec254b8616cc674a6ad78cf2aa498,08818a66cc.com,Domain,[]
Domain_e9839d1b1a8b75802e33326059d5f3f23b82f3168ecbf774c42cc92fdad2e949,e9839d1b1a.com,Domain,[]
Domain_d5dc0fa8190877f379c5b7d6f90a72f5e9274361db5721ea36cb6f312812b3b1,d5dc0fa819.com,Domain,[]
IP_63b500652784952661f5c8f33730be1b2034a8d6943b3c28590c5165c8169e99,172.67.xxx.xxx,IP,
IP_d5beefdebcfdf3db49b8b656878587fed2040ce39181a4a446fb06e37626784f,104.18.xxx.xxx,IP,
IP_1e6646f58c1eb8dab8df00e92000c2f0258cab61ca8a9a86651794c25d870255,104.27.xxx.xxx,IP,
Whois_Name_fcf91736d1489741e141d1c903d266f86356ba1746d8b29cccc85442b760a434,Whoxxxxxacy,Whois_Name,
Domain_33c4b6eab224c3e00f80d05bb8184490cc4dbdae19a27a3953b8ec0dce306133,33c4b6eab2.com,Domain,[]
IP_d5787f44692e4c80aa2ca3da194cc9b979e3c8315027032f08fa7eade81e4c29,104.27.xxx.xxx,IP,
Domain_df066c7927cff50f9742288083e71f5ba34b2a2777b9aa5f954419b3291b0f25,df066c7927.com,Domain,[]
Domain_e1d5ab07c7e67a0b94e335be258247e73da2eb368cafbb02fd2fc35c75e6e448,e1d5ab07c7.com,Domain,[]
IP_b534eee37bc404f19fc2646829c03f18251ac9b40d2740a574fc3a29c9789731,104.27.xxx.xxx,IP,
IP_98c7f0a9b1a2cdf92b27e3ab3ed0f332332b9f107db5cddb36159be63578e825,104.27.xxx.xxx,IP,
Domain_c8dcdd2fdc50359cb2cfa017f423026635b75ce32aa96a1500cfe19e33e3e739,c8dcdd2fdc.com,Domain,['B']
Domain_35e24e23780d3f0733dbea58e0c384619e5fe7d39e956698517288e68ca3f5c0,35e24e2378.com,Domain,['A']
IP_9ba3191d43c1cf522c222a6acfbeffdc5ba342744e94e1280aca57fdc340b439,104.27.xxx.xxx,IP,
Cert_9ee0d87e7b450d2b1be98d77fdd7d5f4865e395f8622d493fe6278cf2fe850ea,9ee0d87e7b,Cert,
Domain_b76ee548d6738798962991af1c21e61b02145facc3a9c122b864f97820e0ff3d,b76ee548d6.com,Domain,[]
IP_d963b70645b2e4b32b8aab3073b1e3437f438611fdaf308c1decdaa159512e30,174.37.xxx.xxx,IP,
IP_8d236d772b18ca3f9ed3acfecacc3fc69115a2331ec13b26fea43f23d1bc5974,198.54.xxx.xxx,IP,
Domain_f9368525feade3b45ac4ded7b30dba4bd6be5865268568e93414a8056b3c311d,f9368525fe.com,Domain,[]
Domain_c77f5c3e3e95d54a2684e2dd063c2449986ff65b04ae7350bb9a927988972605,c77f5c3e3e.com,Domain,['B']
Domain_14436ef170f44c84d1eed8d8669ec77af0a9c81a37f12b58ddc0d5bea4150d83,14436ef170.com,Domain,[]
Domain_c0c571d65d07afcfffe2c041954648531abecd4d8aefe28f620034f2d563854d,c0c571d65d.com,Domain,[]
IP_e5c4d1ed77728f78bab7e44f7609c473ef4a7efb76b96f229a512e964530a7c7,172.67.xxx.xxx,IP,
IP_2d211964b5464d6a6a0c4615ad553ac668f2b971da2d81bedbe3640c0a0d2b8e,104.27.xxx.xxx,IP,
IP_ec8e10df296348ae9669d3185378979cff66e6ab6938c71ea0a5512e40c37785,104.27.xxx.xxx,IP,
Domain_4e6d651d742cdfbbc7dcce11cf13e9ab60d79e522716807a2c1e08ceec44a6ed,4e6d651d74.com,Domain,['A']
IP_d10e91a6e086b7d9466341d9a92507870b0965e1cf53b54d11d3aa6a2f0ed0ac,104.27.xxx.xxx,IP,
Domain_f08b399f7394824c2086406f30012ef71c5161977729eb8fd4bf9efd35e06e82,f08b399f73.com,Domain,[]
IP_77272453937eaaff17f42fc37429276176fa651d5471058f63fdfa01f807dd27,172.67.xxx.xxx,IP,
IP_fa25d5171563f845a4faa2c4667a31dad37d2b07e0f53710bf4495de525da1b7,172.67.xxx.xxx,IP,
IP_860b9e1855dda138b101949326d606eac79101eb07b97775bed67cfa0e89eb9c,104.27.xxx.xxx,IP,
Domain_f43247cbb290205f8a6606f5101048bd77463a126ce7945bf6c8955008740bda,f43247cbb2.com,Domain,[]
Domain_e9e5be3dde97078c6801aecb662d23c83d87d9ed56b046ae39a914148bdb09ad,e9e5be3dde.com,Domain,['C']
IP_9ca57e00ff02b545f8dadd712094973d5fc6e2e857c2826712ba4db64427f9d5,104.27.xxx.xxx,IP,
IP_44132949b21f7e0b4eb2e7496969d85d97d43976d9ed3c98297b6dd747caa613,31.13.xxx.xxx,IP,
Domain_bf8d96eebd5122348be33f891b78f26234f643fd2dc79a9e3b14fb88e1d53cbf,bf8d96eebd.com,Domain,[]
Domain_ff73288563f4a4f1d66467a4cab88e5b6333486207810f21736996ee7fba5a8e,ff73288563.com,Domain,[]
Domain_fa778410c8deb4d8d64d9250758afeea111d90746d89de53d09eacb990f4c8bc,fa778410c8.com,Domain,[]
Domain_9fda07c06c922b1c3e6d7d1a0e70a5e2ca1a1973ee41b87d86186dfb54a88481,9fda07c06c.com,Domain,[]
IP_4fced41f2b370dc77b38ff3d541b621da9361b4498ace700b9427b4d5d266a3d,31.13.xxx.xxx,IP,
Domain_2a9447f58a88dae890064aa0873c7d5175a3526f185476c20d4f1b1f281afd16,2a9447f58a.com,Domain,"['A', 'B']"
IP_585d7d88f5b248d7af0facb893dd24d35935f970546032028254536ca849fb96,172.67.xxx.xxx,IP,
Domain_7e20288b8d247f8f7a255a839ace0d8fec7658e70791b1898b3edd93f6250e54,7e20288b8d.com,Domain,[]
Domain_265cda99a2829dae4a5313afdedcbbdeb49407d842e5010afdf31e8c2dcc561e,265cda99a2.com,Domain,['A']
Domain_70b6c2fd612d80864fa1bc7c1d42ec51cfbd224a55ab8b7ad268ff3ffb09d54f,70b6c2fd61.com,Domain,['B']
Domain_9ac80b82d7d5f4db993e04d35af589897de70f3cfab0755fa7920875a1675aea,9ac80b82d7.com,Domain,[]
IP_f6d91240f334cd2f5c29ba8ee562a0bca3038a44de80fc574f348fe3c6246f26,172.67.xxx.xxx,IP,
Domain_df5dccb34af92b5f85845ca0af39144650a93912e53e4967bc43f1d02969f550,df5dccb34a.com,Domain,[]
Domain_a95e0c83c688fc3089d70687b5a6ff131c575a3143c0d4330860a115ce689172,a95e0c83c6.com,Domain,[]
Cert_07fd25a296f12387b6314a3e312623c89b9c9d9914bdf3e997c87980477f738e,07fd25a296,Cert,
IP_40e533be33f568388a9874a26f3f26aef7ea648c944e7a2f39cd3d2f3ab95446,104.27.xxx.xxx,IP,
Domain_3e7f0ebb9be185ea59bcd4c2992c13f9ac6559ca4d184ac19069b901a04aa99c,3e7f0ebb9b.com,Domain,[]
Domain_82e1a7665643f1a5ac2b3bb4ad7a896dec1fb4e29b91d9619d47dc78747b9f43,82e1a76656.com,Domain,[]
Domain_bf44825a13a9e82548cec026a4b1921cbc95153649f2a6caeb29744c8ecf4d0b,bf44825a13.com,Domain,['A']
Domain_0ed2c97449491f74a702d465961818a0d49b48501adf079a02fa13d515221c65,0ed2c97449.com,Domain,['A']
IP_dfaa6a8d8a443400ff7dcbdf7ea692de317ec7c25ffb35bb41f2d4827dc442f5,104.18.xxx.xxx,IP,
Domain_91329c7f0a2e9c44c8efe1899a0e9889824f527957f5b9c1d24fc4856f92a600,91329c7f0a.com,Domain,[]
Domain_624ea3b3aad5830b657a13b3932b600b826b9d8abc53bedbdfdf972e15f6eae8,624ea3b3aa.com,Domain,['A']
Domain_f895095edf658158f0c36f1a888a34e0b2cf41af433d4ba81b82e8eda5b3d156,f895095edf.com,Domain,[]
IP_da38cb177e36dce2a9b66b4e2ff8fa21d08bc6d08401842ceb473b6f3519416d,104.27.xxx.xxx,IP,
IP_0864743e0ee6fa6e4c403aa9a22b431c39607e1314c16e8125368175a67aab6e,172.67.xxx.xxx,IP,
Domain_46bc53351dfad94ede8f6ffd4eec2e9e368a0074f434b70886838e54def9aff4,46bc53351d.com,Domain,['A']
Domain_d91a27d183c2874eadd4da5404bdb4780dbd67bf3c9748a575b55188f49feefe,d91a27d183.com,Domain,['A']
Domain_620e086cb4584db64d9af96f51a92364056c4974a885d4251340bf3ed3fc85e4,620e086cb4.com,Domain,[]
Domain_98e1a427be39d84f6582a239cc9baf99374d026aa0c95fbf0b9f538027178349,98e1a427be.com,Domain,['A']
IP_9edf8b9fe5f466067d324978646b56ef50d444508c44d9a679fff05c946fef38,104.18.xxx.xxx,IP,
IP_d09bc90a3c69590746a7e2b7bc36d10c66a4fc350ec6b1adee7ade1d7c5e309d,172.67.xxx.xxx,IP,
Domain_e084e9525e7e605e77286d5512c59c9a83ceb84b97ea1de6ad39306507e71937,e084e9525e.com,Domain,[]
Domain_0403ba9d2c9d1ed9a17c6137d73e012800f83fcc1603b31bd9ab7b70c661a508,0403ba9d2c.com,Domain,[]
Whois_Phone_d4e844046d099bbdd48536d0431618a45cde4f0c5593f027d8ceee11f8b9c211,+1.347xxxxx,Whois_Phone,
Domain_b7f752dc6b76e0d57fafcff15df98d2d05282c3d7922be708e04ff59e221e49b,b7f752dc6b.com,Domain,['A']
Domain_2490c93e96edcca5bf16d2ca76d59bb25bb2518ae3276914be086ec149ad6433,2490c93e96.com,Domain,[]
Whois_Phone_f4a84443fb72da27731660695dd00877e8ce25b264ec418504fface62cdcbbd7,+1.971xxxxx,Whois_Phone,
IP_06988670902bcefc392fb7cc23ce268e3b4355b9a99fcef2678644dc41669ef1,104.27.xxx.xxx,IP,
IP_72f23bea7a62504cd5d97e4df613a6f5f10d35afe6753fe6d81189a90e38ebe0,172.67.xxx.xxx,IP,
IP_fb7439245fb1ad7477530e7acefbf70f842fb59d93c995a096827ca1b72ada09,74.86.xxx.xxx,IP,
Domain_4c2bd4c434f234010c7656a056e6bb7e08d65325b22d0ae445f314889c292fef,4c2bd4c434.com,Domain,['A']
Cert_78d8609aeb406cc55ffdd074ddcf121c56ec7d4be6b15a28885dc66f6fdb182d,78d8609aeb,Cert,
Domain_2786fa9e080e63bd5d69eb6a5a704b36ed9ec05d5cbc46b102f4f07bdfa00090,2786fa9e08.com,Domain,[]
IP_b20950ba933d1d4111d484e6fb533d1a65b51b7f8aeb084602d425649847e464,172.67.xxx.xxx,IP,
IP_fc8a6e91501f4b54736baf9a866cbba5b115fd2ae8114fd162bd65fa359ac0a0,172.67.xxx.xxx,IP,
Domain_9d01a2896c0404c44946cbf94de452cd31f6f65a96fd17ea4bd66fae7e67320d,9d01a2896c.com,Domain,['B']
IP_a408123eba66f292bfb064a2db999bfb8cb4d4e0f1c0ab77636f94e67ca64be9,104.27.xxx.xxx,IP,
Domain_4ad40f9a9ab36eca19cb4f088943a34d12de25bfb43eaf3e155cbc975f7891fe,4ad40f9a9a.com,Domain,[]
Domain_82e2ff64d99776007d5a17a83f51ff4ec344cf52d60d145ff8b524d3abe7f76e,82e2ff64d9.com,Domain,['A']
IP_ad2d2623210279e2def733e87c3985e63e27f57826d9fcadaf3d4b12dda41b80,172.67.xxx.xxx,IP,
Domain_14a24dcf68b26b09a1d0f317adb8f58b380f4ef2096ff3c54fed7234993a6bb9,14a24dcf68.com,Domain,[]
Domain_106e7c4ebef077c098fc3c72da5ba72c24546df27650b74af4416075b927bd01,106e7c4ebe.com,Domain,[]
Cert_40f5e9554bb156ec9c5373974ad327a41a9fb308168ab0de77b2288fb2556d6c,40f5e9554b,Cert,
IP_1eb84361cbbf9072f4287df1b9668484771bb68b8930ff8e00c13b594c5a1806,104.27.xxx.xxx,IP,
Domain_f6d9d232decb278943e96c540422d3e8f78a209033bee03589f11bf9a228b0a9,f6d9d232de.com,Domain,[]
IP_63a0bda175c138957affdad485c371a6ba04be1f32dcb7a999013e2babadec62,104.27.xxx.xxx,IP,
IP_00b2d8164a350ae98e6b6577b6f47bfdf2cd594f902b1aea4252acb76a1045f8,172.67.xxx.xxx,IP,
Domain_c95a4a73a4e09dadf6c2b83eb4651933a05eba5387149ad36b73482dca4d5820,c95a4a73a4.com,Domain,[]
IP_ed08639ff57a18c80af4bcd581b82bb303b448afcb213a0e9d03c47d0b96e433,104.27.xxx.xxx,IP,
IP_0830fb34308d76e754f01a0c92c4caea9d75f350c19b8dee67b5b1fa0ebe0a88,172.67.xxx.xxx,IP,
IP_e067134051523e26a8db0044106174735e4585f187607be795728c9631a3933a,172.67.xxx.xxx,IP,
IP_ae9a1e06302b9e31d2ffcf85bfc6bd8a4b47796011e9793e8a79be97a2012e44,172.67.xxx.xxx,IP,
IP_d05d521435efef636277f154ba9d6545997d0f759a3d47e138cd3a1e61c967a4,198.54.xxx.xxx,IP,
Domain_4fdad3b7669ca21fc55d2d9bcb3c3a6fb09db6aa3f17c9e1e3d83c1a81d8df9a,4fdad3b766.com,Domain,[]
IP_7c72248090987a1d48841ba862ad070c69d6577c5ce3203381472034f1c8f5d5,104.21.xxx.xxx,IP,
IP_64dede1915fffff1f8f1864f51b617df15b6829816c0aed964c2bc760be14bad,104.27.xxx.xxx,IP,
Domain_5fd8c6ba4797b752d2a7407300a46918b3160eea94d5fe4c200001ed74806eae,5fd8c6ba47.com,Domain,[]
Domain_12f712fbf78fde2cbb0803f114fa8f7e3898d40a1b29f939e22b02786d2c3d43,12f712fbf7.com,Domain,[]
IP_b991e770074e776b181e7e0d323fe97bccc92c2d73cf5250ae4e131bcd0ee651,172.67.xxx.xxx,IP,
Domain_a831d31aa6dd7a936cc73dc9b789a8ad9792e215a725bd5be5fa0a2cdb87330d,a831d31aa6.com,Domain,[]
Domain_be3518ed09b5c9feef32917fce538452bb98290d46797d06b9d580c5cc418d75,be3518ed09.com,Domain,[]
Domain_15c2a5f958413e46a0895490d41a2eed2f05a821047349ae41505bdb13d0bad3,15c2a5f958.com,Domain,['A']
IP_df9c5501e33cf7d9a47bba658e03f3e37927b6aa3f54c3527f1251aae8435f65,172.67.xxx.xxx,IP,
IP_9bbf6a61a6f25a9de0731caa953b9b3d76c4aab84859c00de5e400445e544e0f,172.67.xxx.xxx,IP,
Domain_63698e0dc29326c9a01ceacd860232de615cdffd02dc57f4a325d57827d06680,63698e0dc2.com,Domain,[]
Domain_3b48914810ff09b8aaddf6f20f37cb01651fecb85c219a9e134217d74886e9a6,3b48914810.com,Domain,[]
Domain_c15ef19ab502195e4da554f12648cfbb5aac1d67c5b0fb363b6bde609a395aee,c15ef19ab5.com,Domain,['B']
Domain_cdc20c51ca1414452c4fc22e2153af217655e95a6fb3d0bc954739d8186de0b6,cdc20c51ca.com,Domain,['B']
Domain_c858025d3ef708398f3195c607187728830f013554e7f21f596f673545b4e177,c858025d3e.com,Domain,[]
IP_cf88a5a9917447257d383c3863a203e6f44531b4f73232a2eb9abef339910580,172.67.xxx.xxx,IP,
Domain_36da5a936395000366538006d656a84a353b027cedc0a5bda7f3bb9c2020512e,36da5a9363.com,Domain,[]
Domain_c2f994029c15799949f0a6cd089c549ea41175e94575a639f5c4923356ab064e,c2f994029c.com,Domain,['B']
IP_4615afeee851b459a13d42bd18c1af712f8532ce0eff800eee5586a69ca6a110,198.54.xxx.xxx,IP,
IP_5f49bba37e35b1a7c4031a93c44bd91a6013c9d2a8681754c4a88ae91c05943c,44.227.xxx.xxx,IP,
IP_7afe1dd32c0f1b464f696874c3ba24d343657ca6579bbfe8ce321c67f0788edd,172.67.xxx.xxx,IP,
Domain_10ac42f01e77e6326d9192c100026b614920e6ea5068dbc4f066bba1677daf5f,10ac42f01e.com,Domain,[]
IP_918944b5a7fea4ca7d3ecf89f2e2486aa29a462e646befd959d02868e0c190d0,104.27.xxx.xxx,IP,
Domain_db635ce87d13ec17bf84b9b8a92237953aaf055c9e42ebb1d6c9f91bec2abdca,db635ce87d.com,Domain,['A']
Cert_77a21de896d00aa928f2629347273cf712251759d4d0f101b04744a524eebbab,77a21de896,Cert,
IP_54b2b6c201913d15e983d7cf12bc7937f91dc7c131997a92d81683bc52c4608d,104.27.xxx.xxx,IP,
Cert_28e4b904ece1c687227c07f3f84785ec5aa5090b638c7fd8eb6bed94d9dd47e2,28e4b904ec,Cert,
Domain_a9e6a7e60d2a6f0b3258cf19188d339c24f2745c372b70752ad284b566b097cd,a9e6a7e60d.com,Domain,['A']
Domain_172fc2f7f9c59ac267f1d8b75110efd43d41a33c527c3e317904b88db9f382ce,172fc2f7f9.com,Domain,[]
Domain_1c68e9bb5c2529b4713d1f3c210e82e57d28f2c685fa56c0f5b969335f607e4e,1c68e9bb5c.com,Domain,['A']
Domain_f6f2b9e576f3fbee35344dccfb2fb9e1a035f06f3a15e1d8d1895a4f3d98d776,f6f2b9e576.com,Domain,[]
Domain_03537f73c27ea205c50ffa6b7d42f0c430110f3541d6ef0dc976e34a4da6a75d,03537f73c2.com,Domain,['A']
Domain_1c47d230d278f8c1c771f4d28e70a11207ebdbfdcbd77a0d62f5088667806715,1c47d230d2.com,Domain,[]
IP_d55fd9467ae0c9cbac7b30c9866a4dd276de49f241663d0cf495823c245d8daf,172.67.xxx.xxx,IP,
Domain_aa996172ebe0916214046bce5e335a324514ec4bdc58fa0a53441e490549e999,aa996172eb.com,Domain,[]
IP_b99bab245715645dbbeefd852aaa66237aeb31ff86cb339b3d7a69c2ae096e69,172.67.xxx.xxx,IP,
Domain_a7324d78bbcd806d9bd04929b91527b5962ecb8c0d79512b38e78535e90626ee,a7324d78bb.com,Domain,[]
Domain_4688857000b585e061a929d4b869bf698e9f0321fe656965758ef66084f0556d,4688857000.com,Domain,[]
Domain_8d7cce9c3b6c7d09d2ff129a5276d4b8f080b87bbd16dec37e964df55209331a,8d7cce9c3b.com,Domain,['A']
IP_76e8b6577850a381a728c62395e8b129763acd18c6f9218d1c39bbc475cee416,172.67.xxx.xxx,IP,
Domain_848df9b4bc3c4b6b373dc50429eec83b7e1c0f8bae07b37deaa8a4a8dc716297,848df9b4bc.com,Domain,[]
Domain_bad40092525e76b9bbb5ea16838a7ca834cdabfc7e520ead9c2dcdf1bd04c124,bad4009252.com,Domain,[]
Domain_c423b3d771350775ddfadde94a8f6f5193a7dc37c12037398a02053261d94b51,c423b3d771.com,Domain,[]
Domain_3b89e00374703d4f431901e4a8164c54ee69fa35436d071b3f8ecbce08745fcc,3b89e00374.com,Domain,[]
IP_a84a434099bf3a90fd49755024b99406b85e9230cc35c3d3d63d7f684bf17c78,104.27.xxx.xxx,IP,
Domain_0cd58c61043f4d0cccef0079da1f034d096ee9c33d1f0a6dfa8ae842c4a9ffbf,0cd58c6104.com,Domain,[]
Domain_02793e5022f718cf68a24b8a02e3b46833df1fffb0b01833ad496ebcb4c3b7e4,02793e5022.com,Domain,[]
Domain_7b1bea20a9613ebfdf6aa3b8e78696b6894f9276b13c1b61006b7a1dcfb1c040,7b1bea20a9.com,Domain,[]
IP_ac11568440e39d8902fe687c8be3a30ad9e3bd9f01f8c113f8cfb7709da2c816,104.27.xxx.xxx,IP,
IP_4eb6bf9cb26b13698b0f258a404b9753e1d8af578e497563273e5f9f380f1219,104.27.xxx.xxx,IP,
IP_6831b99eee9b6eab3bbf04a2b7936c5868f4f38f34fe34e35336056cf979fb64,104.31.xxx.xxx,IP,
Domain_1adef55ec730afa56b3f2d92e55745825991f82d5aed6f3e0f87b0871aae6078,1adef55ec7.com,Domain,['A']
IP_3512cd69adeddfc0f755ad0a01ac9b6ddac3876d7a5700f265db312150bd2963,172.67.xxx.xxx,IP,
Domain_39fac35acdd95b8a94aaccb5178b2b26d3ad9032060de63714c45db562c19a81,39fac35acd.com,Domain,[]
Domain_ad6731c9be24d23f8cbe0dfed5908d16b40392d984fb5483c8a4a67e527a3741,ad6731c9be.com,Domain,[]
Domain_7c84c2d88a52bc4608bd3793b75020be3446ca6182511cbc8e04e053314b7bb2,7c84c2d88a.com,Domain,[]
Domain_bc1055c8bb84ae0b7bacb26a55d5f30b8da82b2e8ebde3b70863626a0916f695,bc1055c8bb.com,Domain,[]
IP_a1eb33be13db758dd202ee82af091cbb68b6d6142f5a3c8dff87772c6b45085c,172.67.xxx.xxx,IP,
ASN_bfe47d08b0915207ce5f3b739e2bd60484069a0f0591adf4ca6baf9f5779d27a,AS_bfe47d08b0,ASN,
Domain_1586468194d1a18713ffead34f670236265fa78ecea7090ac2a7e65860550eb3,1586468194.com,Domain,[]
Domain_0ca9c0f8d2b8c9faa4e5c32e6c63b3b7b886cae0a8e4ba18a637dd6e979a5682,0ca9c0f8d2.com,Domain,['A']
Domain_6558b4418580a63d1da7d983af2b09c92646d2c823c39d16e7b5111ba76c7f8f,6558b44185.com,Domain,['A']
IP_bf8115912d91b67b375357a3afdb8a928c30576e0d6801c8d04f31898d984c36,104.28.xxx.xxx,IP,
Domain_aa29d58ff6a79bee3cb2c8dedc3ab38f6a2cae77725abea1743effd73ae39ca3,aa29d58ff6.com,Domain,['A']
IP_5675f390f3a2f5521ce15bbe12fafd3d8ec118d2d812b9b17df43e8e8aa1d3df,104.27.xxx.xxx,IP,
Domain_c96bb94b162b642b617c29ff11068cb2a8c4cdc15cdacae0ec2037253c685d74,c96bb94b16.com,Domain,[]
Domain_4712d4c1198f943b0515cbf7272099f836ada5220b837c65e32e697c13ac95aa,4712d4c119.com,Domain,['G']
Domain_7be86f9504845b688a09aae652c08891347ae298bd7aed68269b06eab08840e4,7be86f9504.com,Domain,[]
Domain_4009532bb7e26d9a912b6581ef2d8d51faaad6eb73acea6277486c9e876df60b,4009532bb7.com,Domain,[]
Domain_3855e21d1ff1c9a52f7f4aacc95c404096f6fc13bb61d200f2c93078e861d0ae,3855e21d1f.com,Domain,[]
IP_382e17215a8e331e0533dad92d395825fc8e0f6b44dece4996c13947914c1cd3,104.27.xxx.xxx,IP,
IP_992b8cdd25c32cadc25a042846941754b6b4ecbdcea0871f1e3ec6ceb01876bf,104.27.xxx.xxx,IP,
Domain_edbd3e95eca8650a4e80fa18afaee6fb8675238faa4a06f70455aea019804dd2,edbd3e95ec.com,Domain,[]
Domain_6dab46cba5c42c26bb8f393e619f850e6235ca741283f4fe970fa4c86ef0b1e5,6dab46cba5.com,Domain,['A']
Whois_Phone_0915b87a390e2e416d84b9755045ca99c612f0bfc0c41ec44afe1f6830c86a0a,DATA Rxxxxx,Whois_Phone,
Domain_47ffbee25826b903d6f3083275747a590723102f7a65c300e92818cf54954853,47ffbee258.com,Domain,['B']
Domain_ca583d21b41362a28e61b559c10f7ba39adfb593f827b1c323f60b3c895993d5,ca583d21b4.com,Domain,['B']
Domain_d7f32cfcbecc2f20c2b5118f0103beb4d677037a14ba4f643c71c5b1093eeb19,d7f32cfcbe.com,Domain,['B']
Domain_7048137ed28817bfa589ad453edfa432f765823fc4655641fbcbf45a81048d1d,7048137ed2.com,Domain,[]
IP_14af590b7301d510ff7f292e92525a1c28a667b9829ed0b714117aee01d7bcbe,104.18.xxx.xxx,IP,
IP_1c44d861d7347b8764e642e5facfdbcee5defd0df939ab82a4b7ea5162f13dae,172.67.xxx.xxx,IP,
IP_aae6a9864b159df7c7740ef68f2c5ac77ec492346b46f8e1104da22c2fef7976,104.27.xxx.xxx,IP,
Domain_55919e3c8b813a008f285cbfea68071f014881727fffa0eb34721e2d20eb0706,55919e3c8b.com,Domain,"['C', 'I']"
Cert_439c49e6a74315ee472c40dfadb645c7d7cd6717af89da39af841cf849469c0b,439c49e6a7,Cert,
Domain_70134f22f54a069d3dc3684a108104933c893d24098ee597ab98172be0c67a38,70134f22f5.com,Domain,['A']
IP_4d863b4ab5863de2d2e1a64b4601082a735e193bb8edb0d619d3fcf1536c44a2,104.27.xxx.xxx,IP,
Domain_b577f61036e91f322ddb12df81b2de678bc7eaf146f483b9a7401c36284b75c0,b577f61036.com,Domain,['A']
IP_3ba42b463a767f8f7a59a751ce4d9ef9ab4e643ed195ac2cf636ed2c5067ee53,172.67.xxx.xxx,IP,
Domain_5a00459cba238d3475fe33d68168ddd1ced01df07c3b2af5933fd3e7c2ef44d1,5a00459cba.com,Domain,[]
IP_152fdc9076e41b7916821bb5e8ef6b86e22a00e68636aa3ef6829f79786ae7fa,172.67.xxx.xxx,IP,
Domain_58cb4949e68c238a596aa3de219839e0f7e8a682b0ea6a34d60d35e38961b406,58cb4949e6.com,Domain,['B']
Domain_44f792c4c1dbabf90be90ddce15e9d3167f4651a617c5dc08f3642b72f1b62a4,44f792c4c1.com,Domain,['A']
Domain_e06884aa5881c8f1c5f0c928d783381244793ba8e5d833dc204b966f0f95ee90,e06884aa58.com,Domain,['A']
IP_c16964f8b7e056a1dc0494e0db3e953055f80dc3d745b4c8ef3dba95fa2d9d54,172.67.xxx.xxx,IP,
IP_909b7e27add1cbc002125da761c2e2455def9907e7656436b79f08a55e92d43b,172.67.xxx.xxx,IP,
IP_2f5304fd964d4bb3175be96dcef27d5b7f5f897bacd27845c17e76736fb5ed5e,104.18.xxx.xxx,IP,
Domain_01aa9a94b36dc8dce26fee5baead72b4197cacf517261a7f6309e16e802eb605,01aa9a94b3.com,Domain,[]
ASN_96fb0096ad212330192b8cabc43528af8fe463bcd99a61dcde8a51ea73e648f8,AS_96fb0096ad,ASN,
IP_d47e0d6df4aa0ae0a12d27d6de613ff3aef531bcba32141ef97990af0982c9e7,172.67.xxx.xxx,IP,
Domain_93dc9c607d80701d06386e104ef84621d1addc4a1965e430aa8e885fb4f9d30f,93dc9c607d.com,Domain,[]
Domain_9b43878a81562f20147d2aff7ff54a5654c19051766fdcb30053c308b6743e8e,9b43878a81.com,Domain,['A']
IP_8fdd121cab51bff98ac65290b7fe566e7f6a4c6099efd57336a690d2c59ed18e,172.67.xxx.xxx,IP,
Domain_82b3002d789b745d0d6c4eea20353178dbb9ed9924395168eab7a5b19692a34d,82b3002d78.com,Domain,['B']
Domain_e6effb619738a0c7bd56853c5b08502f3ac8a80b6b7e58adab3c7e334ca3797d,e6effb6197.com,Domain,[]
Domain_366273722cb950b79b2338eb173da69a1ce0ad531b7e260f27afb439cdf09654,366273722c.com,Domain,['A']
IP_03e85c962b775a2effa9d1fab0339d0140100bb61dd8f5c12c8ee3ddcb856c7d,104.21.xxx.xxx,IP,
Domain_e274cfea3c1c827dee18c5518b42a3047dc4eeb916c60d13674b117d60f3eb83,e274cfea3c.com,Domain,[]
Cert_364659689d26ff76cd2274e926f430199e551ac00ab1d29127fb0078c857b259,364659689d,Cert,
IP_6d97be8a08589dd2d940103fd15c07a891878202658e3b9b336a85556a756836,172.67.xxx.xxx,IP,
IP_a8b40163d328cc573fc05aa193cb5a0dffd4b1b09e4a2f7fa336c4204d688865,172.67.xxx.xxx,IP,
Domain_7f73c96551b2998e98def77c11b2f346f60745961017f46ffb99e00887c772f9,7f73c96551.com,Domain,[]
Domain_b12be23dcf9939073da32a0d7837b54168e5d7d4ce54c235be39fa5f0e5589bc,b12be23dcf.com,Domain,"['C', 'E', 'A', 'B']"
Domain_a4b0d7bca85f2a2ad2b794a0a96f9fb0d73cf184b96ea881c4f3e625ebaba0ae,a4b0d7bca8.com,Domain,[]
Domain_c2007b1abd52b924757adf357960412ab48ec834074f67dbc4adf632bd7d9d4b,c2007b1abd.com,Domain,[]
Domain_9782f0d4a577d789675a9076449d12f09702bf8e70e9fd549d062ad5c292edd7,9782f0d4a5.com,Domain,[]
IP_8130b6f30d922e44c6438674c88f7d333837035fd35ef9b396800b2633cbd2aa,172.67.xxx.xxx,IP,
Domain_9c2f97368363e10082916ebb3b4f093ee5456f154b1ec31957b19f107f783b92,9c2f973683.com,Domain,['A']
IP_12fa4a15b3e7c06732e395d1dc759026daffa1309e8940a22182c27324e13d98,172.67.xxx.xxx,IP,
Domain_39737f75c740a3ed081135a5763fcb2633ee16bcbd3234915a9cc54350519734,39737f75c7.com,Domain,"['A', 'B']"
IP_7c93966d4e250b06f774f84e24b05dd01d057291d840d9e5c1b3e350c12c42e6,104.27.xxx.xxx,IP,
IP_1181f569cc467fab8732e90b7aa8429ad352aab6b1ec10f5ae21321ff2c3bcf7,172.67.xxx.xxx,IP,
Domain_1df9bbcc5536241f1728e83b42a73cb72471226280385f40fd935a1f0cf57afc,1df9bbcc55.com,Domain,['B']
Domain_5ed5b3a5f2316580c39469c121365350e8c87c3dcdc6279acca669481ef2a22e,5ed5b3a5f2.com,Domain,[]
Domain_f4c9543a4a342646614f2aa78f3baa40b962b930b8154c7f2c6469c90ca38b91,f4c9543a4a.com,Domain,[]
Domain_47698e28c380dce853a4fe41b5ca8e7fe5e32df08f8d34ca026fdae20314b638,47698e28c3.com,Domain,[]
Domain_33f258185673c585be95d7c7900856ef89c9f980e36d9f3bfaed81742c1dab0f,33f2581856.com,Domain,['A']
IP_53ee37ee274ce08a8d4c79396d01554a9aa59ca834b4ee81e99b244cbccb6792,172.67.xxx.xxx,IP,
Domain_c2c901aaa68aac9d72ed676d24ea4d851f2d04bf80e6268c51bed42e6f40edbb,c2c901aaa6.com,Domain,['B']
Domain_f2701c8033ad72d11df46be1a8a97072c02091d3be0252c49daa9c7a29096ecd,f2701c8033.com,Domain,[]
Domain_8cfbc3dc32c53413f89000e1ed8c7c387032e5c0138a250085e3be964dbac32e,8cfbc3dc32.com,Domain,[]
Domain_ca42309a6ae03c8fe8d4f52a387ae105900460db63733cf2b08d978f69b2b27f,ca42309a6a.com,Domain,[]
IP_3cf9ee643ad3108b97eae5292a180e68561e88b9bca345e9126503176a9e3cf6,172.67.xxx.xxx,IP,
IP_9418dae57e2219a6f3451e646212bd037822068b94392ae929cbebb614ef043c,172.67.xxx.xxx,IP,
Domain_216aa1249842eea17612ac46912bbb9fab6f32a5a02163ef3d602f8b7825b44e,216aa12498.com,Domain,[]
Domain_35e918273893c66754f1712e54368296448175d5b74a3c9eca90be71312a6b0e,35e9182738.com,Domain,[]
Domain_0bc828643ff096a3e87c3cf14bffe32dd86129e38a0c5fdbfb16e150fc15bb84,0bc828643f.com,Domain,[]
Cert_031765ddbb5d21ce4211f747b5b6b45571bf77369ad97692d25bde4bd2672011,031765ddbb,Cert,
Domain_24acfd52f9ceb424d4a2643a832638ce1673b8689fa952d9010dd44949e6b1d9,24acfd52f9.com,Domain,[]
Whois_Phone_267995417a1c6033f9c6e0f7457d507a19cae1b5b2b6c8b3a5b52e57fdf3f889,+1.855xxxxx,Whois_Phone,
Domain_ffff0abe94cec42af40680e523f0313b398edf7e691743e20cd0b5ad8fdd7e38,ffff0abe94.com,Domain,['A']
Domain_9917e3477e5de95c30999e991a97b94e385a14977956d5e1d50a94c6229d7f05,9917e3477e.com,Domain,[]
Domain_5a7435cd6029d4eef2de824ff015f37284e1381b6961934a4e25fd688cc83587,5a7435cd60.com,Domain,[]
Domain_2bf0934f58f91a2541ed07302d7a504f31abd442502b5ea12f39764dd265c2da,2bf0934f58.com,Domain,['B']
Domain_a90a52f30ab00ee050403a891c399e944441f1892f675182c173f4767418001d,a90a52f30a.com,Domain,"['A', 'B']"
Domain_1caaa336358862542335506a8cc83b706aba41022e73e6dd83415a50dc76cf74,1caaa33635.com,Domain,[]
Domain_668098207b8fd54fbf9e61aee81c1d81a41edb4231bcc6486542f6f83b5a6f57,668098207b.com,Domain,[]
Domain_42cf74aa80c700d1d390431751890c5f1e98f8ad20f991f5fcc97595bdc82c76,42cf74aa80.com,Domain,[]
Domain_34a30272f0cc93d76daadacb36e90355da8210c8b8cd1738307a1c65821867be,34a30272f0.com,Domain,[]
Domain_55bcedfce264168c96f65b66f685f76b68e7e2f638054d87ab98a2d056234f67,55bcedfce2.com,Domain,[]
Domain_3118fa35b2af8b0d93542572fe318eea28f81c112986e1e1c39e2729088da385,3118fa35b2.com,Domain,[]
IP_0d7bf9e655741da45264800ffcdf0155307c64a74cb9096e8cef61e5c2c01c64,104.27.xxx.xxx,IP,
Domain_b2d6e3ebe1edd839b459da98d04ab577d691e9555af1d1d1941215ea98ca0701,b2d6e3ebe1.com,Domain,[]
Domain_5c42f860f71e180bf543f4a138b1e36a139e5fde04108fa816589dffb935b8ef,5c42f860f7.com,Domain,['A']
Domain_d7ba8a2dd7256e8d5f6134308daede268448d3d80cee1584bef99cada27ae5ea,d7ba8a2dd7.com,Domain,[]
Domain_7fdca9429359feb33d72cdaecaad43651d778fe5f6200e05995d488d0880408b,7fdca94293.com,Domain,[]
IP_eee7f2d748d5820a0ff49df88b32f09c2cc9173b7d68dcb70a2a5da1dad634b3,172.67.xxx.xxx,IP,
Whois_Phone_1952ac2442a5ab7008028ccc318cc5cfc9675b101cecf3a8f6f7e503cd061b52,+51.17xxxxx,Whois_Phone,
Cert_191600f699b155276717b38f1859e9eb30f9acce9723261323413ed12033653c,191600f699,Cert,
IP_4212df96fd05fb1b6138990bbc4f6c97246f9f16c863094aa6453b2c6d72a05d,104.27.xxx.xxx,IP,
Domain_b0a931da450399a347ff8040e841397068a65eae27ceda932255e8ff1152b20f,b0a931da45.com,Domain,[]
Domain_67893aabc7d7050b710f3634f1af177d42a3d48284bb28f57e411d543e34f233,67893aabc7.com,Domain,['A']
IP_CIDR_d3ab9ac9e55017cb46e3c2ab43fc1ca75b66feafc74362bf6fa4e8c620957f3f,104.27.xxx.0/24,IP_C,
IP_0bdd676c18845502175822c234ac2979e61cd9c83d490c664833eb810f2b0bd1,172.67.xxx.xxx,IP,
Domain_5b71271efbc455a0400dc1c5274a22f42d9539b119b2b04fb1f3ecfdf6cc8c4b,5b71271efb.com,Domain,['A']
Domain_8e8c4c69fb850a83677058052bf61612b99207d79dc0c7b5cbf2047ea94d8424,8e8c4c69fb.com,Domain,['B']
Domain_cf9170a373a05b73569c5300a808642f7520be0aaada31d0a369321ba23a92df,cf9170a373.com,Domain,[]
IP_7df6dba4f4cd96819f7475c953e7e23d4ccf7163ce44c51e48da8897d864bac9,172.67.xxx.xxx,IP,
IP_95559cc4f574650d914ea6672a6380b9ab57eb7c80362e7101b1fd689bac9a49,172.67.xxx.xxx,IP,
IP_50599b69f52bec8978626a8427222549d2e723555dff469072e106178a354d7f,172.67.xxx.xxx,IP,
Domain_e98eb797254b55139ade1b1b3c6fed70067263d1f565f0d84498898f8010e5e0,e98eb79725.com,Domain,['A']
Domain_9ec34467cf08fa236de7c72b316097ff121089677632cce495cf55e41b6d0aa3,9ec34467cf.com,Domain,[]
Domain_1bcc58bd6fe1808982a4b93c46c08120057f56ec83f2c2b035e24335db103854,1bcc58bd6f.com,Domain,[]
Domain_3f94efb3eba9369a004d7574df0879f931ff3cca0486c648bc82814fa480a0fd,3f94efb3eb.com,Domain,[]
Domain_b8bd625a060500f29c6817e59912e57ff926304962aefc1e9072af5843dc4b5e,b8bd625a06.com,Domain,[]
Domain_212242320b82a8f34b70e0140061f097bbb3f88ea7b9aa1bd459651cbd8810ed,212242320b.com,Domain,[]
Domain_ba756ec8d5e450d3e609c3d913efae50aee387697887049d729e225385c9aec4,ba756ec8d5.com,Domain,[]
IP_3b591ca25ab2ffe6978475e1d92324a5b0a5209a7bc0461df914a5b76b3ece33,104.18.xxx.xxx,IP,
Whois_Name_8170a48a4ca837cbfcfe6126afa36c9ed320dd4c0d7f9af7bd8755b0d97028cd,Domaixxxxxrator,Whois_Name,
IP_63901ac6a3114f2381ed84589fb90390a9a0dd9a4014495484b48e2c46f88ef7,172.67.xxx.xxx,IP,
Cert_5c4724c1024930c6e6b3cedc0887d6448c62cd6104e38a46ced162fd9cc7be60,5c4724c102,Cert,
Domain_4a582d648f56cf3114311dd9c31a374a4cdd5c2824c48d74c126ccf98ea475fb,4a582d648f.com,Domain,[]
IP_a8051cad2275e4e14da1db88bb717c3ae3afed5f68e9e4f8c86467c5af53c9b1,172.67.xxx.xxx,IP,
Domain_60070b0b3d0e0bbed7489f7761ad3708fa71f907d26af5f88786553f0a38c07e,60070b0b3d.com,Domain,[]
Domain_59233e20d5a2476e7d67ff05630c0d33844410225a89d753b0627c148c2a038d,59233e20d5.com,Domain,[]
Domain_b65bc149b9de0790b19a11b21ef132c9a59cb621176c752b4b19691b9f57716d,b65bc149b9.com,Domain,[]
Domain_b5f8aa0c9d1e44de64a38005dc60108f0537121d493b9abdf198b813386b64dd,b5f8aa0c9d.com,Domain,[]
Whois_Phone_c2e72c047a0f6c28ddbbf52b56a9a43ba0778884c83362640aa8cca0573466c0,+20.100xxxxx,Whois_Phone,
IP_aadd79b44201b5aa051dd5d38af5c51baed45c630717d43db8a260b274deaedb,172.67.xxx.xxx,IP,
Domain_469c5e94bdb05396af85f01b4529979dec1eab25c6a44db5c0cced1f73d68725,469c5e94bd.com,Domain,[]
Domain_c5c2386b405c3492303c8aa34777b54a9f29aa0acc75d8d9d09de0b32054a563,c5c2386b40.com,Domain,[]
Domain_fbfed3966d3a1b62aa1b81f23c2ab36c76c0d1c44ca8fbdb8b7af0d5bf1196a5,fbfed3966d.com,Domain,[]
Domain_69c737051b47cc4aeee8cdee7bc7a0502bb0070a64ae7385c8e8b8444d2eb583,69c737051b.com,Domain,[]
Domain_3ec2ee9631f014daaeaac4c2532c3a6078333ce1976319fd88f8da8040af97e6,3ec2ee9631.com,Domain,"['A', 'B']"
Domain_136db0bce2fa33eebe3352e495aeacceb637e5b2004e4c60842a31d6a4810ec7,136db0bce2.com,Domain,[]
IP_c42fcf4f2ac97b57aab52ad9a6aa3ce9a1fd31e9f8526c0f8c975c3de7f86710,172.67.xxx.xxx,IP,
Domain_b8a7464fd23d7d0c5c1cb49a30ed5138c012fecd849f77854953ab1a3df41ffe,b8a7464fd2.com,Domain,[]
IP_dd63e73d36200b699418cb0aa7638c17370b67979dc403ef1973c9b862494412,172.67.xxx.xxx,IP,
Domain_10745fbdc69563a70db717677ec74504ead7949aa4af2947c8e825020f7f9e05,10745fbdc6.com,Domain,"['A', 'B']"
Domain_cc8d742ebac2a0f0e8b6f8ebda4a78523e0bade704642de002181d5cff0eddec,cc8d742eba.com,Domain,['A']
Whois_Email_27319f055345b7c3eb029603064d39f28d0f4d90bcde7428e6dbb3616e5c0382,alaa.xxxxx@xxx.xxx,Whois_Email,
IP_61152f473471bf2505cde48955dacb5993798aef0b442924b5a7a7db556e6ef8,104.21.xxx.xxx,IP,
Domain_b9c0ae31f963b08d61e2a7c84e672cbbd8e901770207d75f3e6ed40fad7b8921,b9c0ae31f9.com,Domain,['A']
IP_69d6d1fde2620a575d853fafb82ab65ffb1a01ae6197e0b11b5f619e9b33d3b8,104.21.xxx.xxx,IP,
Domain_37141e07717b373d7cf2bfc67cf8d690cfad61daad1602cb36d7eee1425608fd,37141e0771.com,Domain,[]
Domain_1fa8bbf024bee85b9ba316222b407c258faf69d7c645045fa86f8320ab7c056f,1fa8bbf024.com,Domain,['A']
Domain_6601cb371dbe89e126d5255267972929a6a2a22e3e4179a75d4708ca8ff07028,6601cb371d.com,Domain,[]
Domain_33ca29abcba3e5172c7cf332b149e1166943e4f363d8691b183dcf24c0ebad0c,33ca29abcb.com,Domain,[]
IP_fbeb7a93604a73b10bea9e29d9571c834710ac5390335048d0d094c346de6b05,172.67.xxx.xxx,IP,
Domain_e9424181a46c749e4aa06f8784bf0473e2ba3d7eedc06b19d7ecc57702bfbb19,e9424181a4.com,Domain,['A']
Domain_034aa4c08a0cff606d04718af1b718d148799cebd610c3400db08f8ac54efb72,034aa4c08a.com,Domain,[]
IP_f78fa99ec7d4d5c30639524e3d01250d0951936fe1fbc72948cdf1b2ddfbb714,104.18.xxx.xxx,IP,
Domain_1be2024f6f7e43b998f1d2327b1823973bdf9c2c8bafc1f053313dbf5d0cbe82,1be2024f6f.com,Domain,[]
ASN_d48a20cd8056c9b3ab24773a208c38b2732710abfe140d4a4434be5b2ea247cb,AS_d48a20cd80,ASN,
Domain_dbff52a0b90dddedf5e024478c06391548e7a78aa2e234f1213ff2805350a5ae,dbff52a0b9.com,Domain,['A']
Domain_03fbb4372207b3328b46049f24585c6b6c3758e0ee571535730b48e2145b7d17,03fbb43722.com,Domain,[]
IP_86303e4d04cd5f4014f58b218deb66d41959190235fd42541b423149f193f8be,172.67.xxx.xxx,IP,
IP_1e0ce2c908bc3a3b0b08ee52f5ac1a812ba15c948254ae2b24e246bc54e2f6db,104.27.xxx.xxx,IP,
IP_b478a7cd2dba3030dac63e9db37da5aea1f2b91579f5c3b223110c5163cedfa3,172.67.xxx.xxx,IP,
IP_2227eb3c4481a7050b892df61a899abdcec941e008988d6cec121accacbdd2a4,104.21.xxx.xxx,IP,
Domain_a4b9f34e784e79a095ec6ff9331bf85d28cc927929a6944c245401fa1658512e,a4b9f34e78.com,Domain,[]
Domain_99d2be9f0d96172b237ea305b8e11e256dbbc3b175a7774cafe0aec8507281cd,99d2be9f0d.com,Domain,[]
Domain_a080119a7e0f7d551e4611226056603b8384b5cc9a49da6f12ed70a54136e6b4,a080119a7e.com,Domain,[]
Domain_0ff503fe861df173a1ec99335ace4d005796c71163da8b038e9b2bd45b4a8615,0ff503fe86.com,Domain,[]
Domain_d4c173a978f878dff67ce71f8e3fb9156b9a72e8dbf17ce3a703073d5cd5b140,d4c173a978.com,Domain,['A']
Domain_75f6fcfb0f653c4d403cb33c9b70a198e603a518e6f3f89f308f00619d0d399a,75f6fcfb0f.com,Domain,['A']
Domain_65919370a88d8b9ef9c4f69b9ac9ed786844aeb305273225b5c852a26e1b0e9a,65919370a8.com,Domain,[]
IP_4656efca93c645e18def6eddfb38d0c2dc89cfc040d73fe651602376b657ba75,172.67.xxx.xxx,IP,
Domain_f36bac955726ed379f279cb9c882631b30f42942861679bef345cc771e65809e,f36bac9557.com,Domain,[]
Cert_af49e2b01dc6d08092dadad88916a07fd8cb2ce30e118b8591bab058ddef0def,af49e2b01d,Cert,
Domain_61b74d79b09a0cc98bbd1eb467e925ff9d20870d2a60fb0fd96a0ce46be20977,61b74d79b0.com,Domain,[]
Domain_583cf20362c27583fec209199347ddf9f2261500f266f4e9fc645efa613e0c3c,583cf20362.com,Domain,"['C', 'E', 'A', 'B']"
Domain_0d4878066da591612e28aaceca3f9ed3c3f4f508d682c17fe5c8ec2501bef898,0d4878066d.com,Domain,[]
Domain_2d951b00bf51f5c7a06e6e86ac00276ecb7b505fcedb2d700ef64412f610770c,2d951b00bf.com,Domain,[]
IP_44baab5f807556f3f1b01c77301f1fc1bfd2f059922ddaafca2efa24b81e2994,172.67.xxx.xxx,IP,
IP_1db6366abfa9ed4aef348ce2c33156745028bd6aed73bf72c32622402bf1e0a8,108.160.xxx.xxx,IP,
Domain_857c71e38d529982e6afbeff6c920c96d6c3938ffa01a67353b227c0ce6f95e1,857c71e38d.com,Domain,[]
Domain_b5b3e03e33cf46c3e6e699f094559d8cfad9d7cf6241a4e6939fb28a1c980be2,b5b3e03e33.com,Domain,[]
IP_0ef4296c2b6e72bc126f53b65b58a5c422157973154918825b80e7a178711532,172.67.xxx.xxx,IP,
Domain_cd26977fd00035547318b4a9c1ccc036d75db4f34ed2651b38efb6141f76d6cc,cd26977fd0.com,Domain,['A']
Domain_2883c591888fbc8e16044914ef0e1ce1836f325b657c2c2602674441f0e5d20a,2883c59188.com,Domain,['B']
Domain_513ebf3e3b4a945a832241301de9e4f2f0d0d04b507021df8f4ea74ec0353c21,513ebf3e3b.com,Domain,[]
Domain_68ef1f4cfce573222619071a6a2814cd23bb306ab62667fbe2e1ded37025464b,68ef1f4cfc.com,Domain,[]
Domain_0490167ce97d4605cb688a8217f2cfb4a0fd3170b79851500d13e0c3b97ad247,0490167ce9.com,Domain,[]
Domain_93bbbf004210b7fcd22a1d6814b2a7e5a497f01bf2ef902b78b5ba08cb1c32e3,93bbbf0042.com,Domain,['A']
Domain_5a0f2e36ec5f6b0f62ad4bd0fa4ba131680e2b9d82640a8a5c32fcd6d10b95f4,5a0f2e36ec.com,Domain,['B']
IP_b4070c8a72d7baf1146aaf732c36ca1384d10a4262741a8f055ffeddcc79fbe1,104.27.xxx.xxx,IP,
IP_9b7203bb92e7c0472db1150c494e398dff514f10ad07fcc24ba9ecfef38f7b05,172.67.xxx.xxx,IP,
Domain_48da33d1ba91a1371b44e4c3d11a856fc55d8a776100b30d54fa6a79f50fdea7,48da33d1ba.com,Domain,[]
IP_CIDR_2aa53e826d9906f0104914eb11dc04f44c7b13112781ab3a28ace086ec3bf9c0,172.67.xxx.0/24,IP_C,
Domain_3a2e5bd8e506fa06a6da17f5a999590c049c7e91c5b8c8cd00ff0c9d34e83366,3a2e5bd8e5.com,Domain,[]
IP_78664fe14143e7482cf7770b67aa2015af971b130c7193e38cdcffd2c0520756,172.67.xxx.xxx,IP,
Whois_Name_d008dbe3fae20abe3f68359c690267938196770f67c0cce4ca184b85d3d4b37c,Flaxxxxxshi,Whois_Name,
Domain_a8deeb88d28f5b68ac6dd8480b761eaa36229fe278b0e1e72cd667c2781b8067,a8deeb88d2.com,Domain,[]
Domain_e502f1d23ed5a42b4a1c99831e749887173299f2f4c0e81aafd966e365ffddf7,e502f1d23e.com,Domain,[]
Cert_4d1a3406b46af7bcf039bfca7686ad7642cce77202bba057f190bdfb80224522,4d1a3406b4,Cert,
Domain_0062512d5ed1dfc09d1add7fcc72b43eb1b62b973b92569f6c58297fb7ee0658,0062512d5e.com,Domain,['B']
Domain_0320eb27b00d39f1d8baeab5b20aaf41c0362cf72fd0dca155168488f5450dbc,0320eb27b0.com,Domain,[]
Domain_5cf6f7ca471e65dfa0bc083f4a68cf97e6dbf8b200c6b7021e7f542e429309b4,5cf6f7ca47.com,Domain,[]
Domain_d59a53b4779caa61846f3766b7d13296d35d26a9b021f492dff87bd2589a2008,d59a53b477.com,Domain,[]
Domain_6f7eedc2b96f8e56201a2358fca4dbe648c341c1d6e7e5a50664cf0c13a409d0,6f7eedc2b9.com,Domain,[]
Domain_107e6c7f73c91a9172805dd8f5ebb04bfb733b8767eced9e37674a9a7aa4a277,107e6c7f73.com,Domain,['A']
IP_630ad0b4920bfdc057f7f41929ece3e807e0006d0683d760bdee44b9bcb74e4f,104.21.xxx.xxx,IP,
IP_871017772cca9fdf728e7add5199f5374d34e59e87580f86a6e718982315130b,172.67.xxx.xxx,IP,
Domain_6af2c5fc8567e4784b4084117d1512e4290103bb6472498b38d8591576e85008,6af2c5fc85.com,Domain,['B']
Domain_9087a291e958109f3c3701ecda1835bc1323e12d6bcfb5d0f91b5a8bddce87e3,9087a291e9.com,Domain,['A']
Domain_139fcea7afe7f2de11c6d0479c76e8a48009b853936f9c7a996d2c539c161e69,139fcea7af.com,Domain,[]
IP_3cc8d9853e00cd0fe6dbee097233eaf12b305163188950e123ce2b4235b11ae6,172.67.xxx.xxx,IP,
IP_cb8649e3521842dadd8d95c4835f0b17f055346a4b83da3f55207a9def5b0088,104.27.xxx.xxx,IP,
Domain_470fdfa422f2b0c6e675ae35827fa5d5f524869151b4d6dbd5f805d43db3e7b1,470fdfa422.com,Domain,[]
Domain_dbf17700870e90fde5709669813637be344de4b494dcb3347bc58a0c451cf837,dbf1770087.com,Domain,[]
IP_0a8032ecce77a635ff6913cf8a5b9e3c870e879929cb59240e0d13afbc9508e8,172.67.xxx.xxx,IP,
IP_585005259a3f925de6b022874109c52b827e6e491f0b24dc3b6cbb14640b6ba8,172.67.xxx.xxx,IP,
Whois_Phone_d3f0cdeffac04c9809f797b9520f00adb727f009738e162c176fddc464db157b,+1.802xxxxx,Whois_Phone,
Domain_903a3870ed93c7e458704197fb1edee46a7b101681d5f37916cbe32ff0a147e5,903a3870ed.com,Domain,[]
IP_b1b004bdafc36f956dca92f5830a8b72a6325e9b62a38cc641a0fd6ecc2aa17f,172.67.xxx.xxx,IP,
Domain_faf0b2fc3beded4d0429908ee540bdc70ae3988e141fdf16c7cc1a3cb2d9d0cc,faf0b2fc3b.com,Domain,[]
IP_5ddb4b48bf06805d9614815e66cc97eb94a89c24f4a23bddf39b52042c85b4a1,104.18.xxx.xxx,IP,
IP_83c2d3710507fb4a91a1986ef6e1fdc05294591f59cecd37e2a25c74ae5ac4aa,172.67.xxx.xxx,IP,
Domain_d435c343829ca6e97fb36c14d7b64a6b8431e3d356b774fdde3f92586c06606d,d435c34382.com,Domain,['A']
Domain_3a1eacd20ff9bbdb634e3e6fb0992c68e71e032bc856ec96007f412370428f3c,3a1eacd20f.com,Domain,['A']
Domain_bbf1499473e9e02a169f4c70b3ff65e178be331b02790b013bcc3fe19a7b98df,bbf1499473.com,Domain,[]
Domain_2616d01a877218874e7879f2d415af00e4702ab400263ed96e8e0c2b75608e6d,2616d01a87.com,Domain,[]
IP_89d1b086bf9006e4a9b19c928185338024e47f25014181349d9c458d4e2f5d1d,172.67.xxx.xxx,IP,
Domain_8f9cef78925edc36b21ee8442eceeffa03e87972781c5f25c4de18b9a9e2ec35,8f9cef7892.com,Domain,[]
IP_1129573c9317186ad45d8165a1e1a0e98eda9ad330e97277fba9ca22c553676e,172.67.xxx.xxx,IP,
Domain_5e7c3f8e758425c4b99c1b3d104cadbacde3efda5e1b868160692d6181473d0a,5e7c3f8e75.com,Domain,[]
Domain_98efc4c38988f328dfd107148cb4e7a8b37c45baef78565a873813d44decef38,98efc4c389.com,Domain,[]
Domain_b025e8319a3c436f74b62957b1068af0beb79920fa43900297255f830dcffeb2,b025e8319a.com,Domain,[]
IP_d9c101cdc4904e72296e5eb56006a73f20ef6419c008b5129e45ad512435e82e,172.67.xxx.xxx,IP,
Domain_09e34c3d5424eafd28ebb4f55963e53706e5162406f7b35f6728ece10153c5d4,09e34c3d54.com,Domain,[]
IP_1e0f38dacea72cd133af7604caa4878faad97f261161b3e4e813abb78a6289ff,172.67.xxx.xxx,IP,
Domain_56ddb67c0992d222b04e5582302a81d5eb6f8b8bb523ac49f233b880397dbf3d,56ddb67c09.com,Domain,[]
IP_d942baee123485d835c6e4aa6615fcd63a261e075be5dc1ed103cfe48cfa19e5,172.67.xxx.xxx,IP,
Domain_e8e5059efa68b4b27419985fc41d3042697e52e3fbb8850993356e7f78c51ff8,e8e5059efa.com,Domain,[]
IP_db7d34a23169cc6fc2ac0c109726d2acc8d39acd43f64138c4fd77a3f2675af2,104.18.xxx.xxx,IP,
IP_57ad9d391242491128687caa494a0b7b79893c2631f8bed2b1264f29ae470b91,104.27.xxx.xxx,IP,
Cert_860d91f40543018ce6400bfc5ab2eb829ae0a9ebaf213facc34957357fff7ec9,860d91f405,Cert,
IP_d73337ea2ae0f6a6b0fd794f099d7202abfd46798d58ca2c765ff8d12e3edd32,172.67.xxx.xxx,IP,
Cert_03f20bdd976db7e4d607571f87364ba38304f7a5455a20f1083cf32dadf0aabd,03f20bdd97,Cert,
Domain_6771c87f6c544cda26e89251e14928dd43339f9c229679db5bb9cdca34266fe3,6771c87f6c.com,Domain,['G']
IP_e210555fdcc72825ed753b2ab46e03900592b7de3ba8c7850da92d96cc4ad960,172.67.xxx.xxx,IP,
Whois_Name_e0d8838c257b1a29fa09615086957f2aa9fef30629b8900b1bf3da61f9f5c6b8,Whoisxxxxxected,Whois_Name,
Domain_97b7826204f7a82b0ac5720222056ef56ad3c6f0d2e71245c2c30c358354d382,97b7826204.com,Domain,[]
IP_c5c156ff6ff8f30dad1e8375fbdf2038a1741a7383d0c418efdcaf4a33d01082,172.67.xxx.xxx,IP,
Domain_3d701f41fb3856f447fee9ff834e37c6e05b328f0abc1cc9a33ea2127f0ca11b,3d701f41fb.com,Domain,[]
Domain_1d955de6aef3662b59ee4f3c3c23513f4d190f61614f67f4290349213270de8c,1d955de6ae.com,Domain,['A']
Domain_97230998c75d13220cac496a29aa3fe6d8962dc239e2fcd2a87ab2594381c571,97230998c7.com,Domain,['A']
Domain_91658b850d61b627f31cde8a8ae898ba5089a147f29d89458ec64c9073cc1400,91658b850d.com,Domain,[]
Domain_e135eedc02d0e56ae0c2c16a74cbf140655df913f98060670924aa49c18996a4,e135eedc02.com,Domain,[]
Domain_8748687a61811032f0ed1dcdb57e01efef9983a6d9c236b82997b07477e66177,8748687a61.com,Domain,[]
Domain_ec214e29f103e33f9728b1dbaaeb6af12093bc3eb29862ebd76c484ad4fb14f3,ec214e29f1.com,Domain,[]
Domain_33ac8b823bf57a823e74ec001e8135be23cc82b9192f4bcc88305ad1b0aa7429,33ac8b823b.com,Domain,['A']
Domain_183b6a0d7be28b934453589c5d1625ddca5a018e315397d420e67573795fe6c1,183b6a0d7b.com,Domain,[]
IP_80bacae9570c9afeff121caf439b3252c138ca90fd2df9f002f8e7a4322d5211,172.67.xxx.xxx,IP,
IP_CIDR_5075a87034598753028e7ecc231f4f13e5e23e33979188cb1fedf5a8442eabad,104.27.xxx.0/24,IP_C,
IP_acba435060d859519d1eec32251c9d9de9b0b86a153c975eed70524a8c132cd0,172.67.xxx.xxx,IP,
Domain_d2bedf4327b9a0a5c069465d0e0b65543084241549b4f7dd621446d3cf84d76b,d2bedf4327.com,Domain,['A']
Domain_459db20ead8538e548835894888a7bfd18c8c5e167dd6be91246a3d537fcbc08,459db20ead.com,Domain,[]
Domain_dd639e2dd60b25d75fc13b578db1da47b1cc729e3a38aae6b6ca0f064937ac91,dd639e2dd6.com,Domain,"['A', 'B']"
Domain_c24ea1bae872c6c130de6004abdfd7c0759452725baefb0d7c50bfb629ebddb9,c24ea1bae8.com,Domain,[]
Domain_2c4cb7f081435217c6e8a1bc9647f0c7e99fcf67fd6d6d77e7b9d76a6f0e1ef8,2c4cb7f081.com,Domain,[]
IP_0ed0520e608965bbdbb920319034cbce824151e1074a95f2e65571b644f29288,172.67.xxx.xxx,IP,
Domain_1d3d2cc71af257c4f650af1e05e3e8d1b82fc25effb3808006b4c028008ce481,1d3d2cc71a.com,Domain,[]
IP_24938f8ad57df04ab66b68ea10df3628d38dffc4b05ff47a11006854a02c2a58,104.31.xxx.xxx,IP,
Whois_Email_62fe1d0691991999225c173a7c6b4da96e9d590457cfb31befb84fc0e980c15e,contaxxxxx@xxx.xxx,Whois_Email,
Domain_796a7d0bbfd53d6b5cc1a3e4a983c598f61d0a26f7116330d62f27e80ef0362c,796a7d0bbf.com,Domain,[]
IP_8657845ac4fb9fd4e8aa47468dc9c1e159ec073b9b60f861ba3b7c8abd3bba98,172.67.xxx.xxx,IP,
Domain_77e6d17b8531ee1fdfdd7b6025cf8429fa15d6e9b432b9b0564292342c94be23,77e6d17b85.com,Domain,[]
IP_136a30fb09124d6fdade3e3ffbf46c3708f361e40ed011b7f27ade91a5a30f92,172.67.xxx.xxx,IP,
Domain_0c5c688b6e0d5ed5a0b238c67559bf08f16919fd3c84d903458ffdc54d20e098,0c5c688b6e.com,Domain,['C']
Domain_80967c7ad22d3019a09752c88b09d86ea5815c6b110113f5361590fe1c783a7f,80967c7ad2.com,Domain,[]
IP_26e75d33fb2cf3f1620c06282f6c6511be122fecf0e64fe9cbb6965a0ea16ef2,172.67.xxx.xxx,IP,
Domain_b6d20c942db57225027edd06d31b3e67263a94ae029b13f42ef91579a9c0f2b9,b6d20c942d.com,Domain,[]
Domain_aa78bef3ec758b8876398cb7316cac5cd0ebe4628e623352257e8a13bab49304,aa78bef3ec.com,Domain,[]
Domain_a5a3202f093cf356bcad2cb7a0f07a47510d1d7b88735d0fbf29cb58ea7c4ad5,a5a3202f09.com,Domain,['A']
Domain_f9a85b80986a20fc7b19e6d279d925daa4d831b7a779879ab460623b6bdd32a2,f9a85b8098.com,Domain,[]
Domain_71b582facd33f9b935d8d6a51d847ddcc7130bb956bc219463e7440b6d9cd4a3,71b582facd.com,Domain,['B']
Domain_0c1b502c1f7c224dd0981b2cf582afe9b5f368a48da2caf213c518be7628e860,0c1b502c1f.com,Domain,['B']
Domain_29134343dc73dd589a39b05ef3f4f7679b97fd967438b040288a347d432414e1,29134343dc.com,Domain,['A']
Whois_Name_d93c941eef173511e77515af6861025e9a2a52d597e27bf1825961c2690e66cd,Domxxxxxmin,Whois_Name,
IP_23015b13ffea45b882ba230563dc08fd518261a004f2b850f5ed0f96070ba515,172.67.xxx.xxx,IP,
Domain_e3ab78adc6a2dcc04bef725987ce4b474a2a25518ade808c6d54a0a0e1a837aa,e3ab78adc6.com,Domain,[]
Domain_294fa9c1fd2f7be062996be3710e8cd8cf11b153e147c989bb264f80f919fd4c,294fa9c1fd.com,Domain,['A']
Domain_2299af1a9be405b3b05fd54c28501e82a9ac37a75a7a171927b6408b3cdf4a22,2299af1a9b.com,Domain,['A']
IP_15a44806fe0c4db854e0713d98c795558275c8b770b559768af401618380fc24,172.67.xxx.xxx,IP,
IP_9d95a7a02efdb24f70c635990c3e4e766495dec8e543e3934900b8527f91492f,172.67.xxx.xxx,IP,
Domain_762b3e4846c95c3a3c37324014a92a390eb235bc2a0353b0980a502e83f1723d,762b3e4846.com,Domain,['C']
Domain_cc557005ae1c197fd6dfced784ce8e43dd12e56c63a37e00fb41028fee98044c,cc557005ae.com,Domain,[]
Domain_2ea1362327ac866d7135bfa5695c5a9dc2543d8efeaed5a2c97152c722d8b1e6,2ea1362327.com,Domain,"['A', 'B']"
IP_2a6bd505e2a23997f2e0f23cc1011cc3c689af7fa0231fd7d266f32fecd5dfc6,172.67.xxx.xxx,IP,
Domain_1aeae2d0b97f5be5a085f0e8d213f15c4ced40f4b18e17fa6e0a005a14722620,1aeae2d0b9.com,Domain,['B']
Domain_4a891f5ddd0200100396793ab579fcbf953dc3db03894172e90d012820963c16,4a891f5ddd.com,Domain,['A']
Domain_7f1add3731e091cda5ea9168df536c7fb6a95678b667f7b4dfcf205b5c0049a1,7f1add3731.com,Domain,[]
Domain_635180eff6779f016d3052bebcee9e5c6267ef5d91e8267078a69b79660f6d8e,635180eff6.com,Domain,[]
Domain_95711cebeac9f432a90cba7e3748308e62490f3960a6268d9d25666705494473,95711cebea.com,Domain,[]
Domain_5653c97bb483969fe08c7f23f1b0852deb17dc5b1ecd42950b4b1cd87b30dc32,5653c97bb4.com,Domain,['A']
Domain_6e22f64c9b9bc0835a24fa29f969fe21fc287db5b92bc65e8e4c7ae82103f09d,6e22f64c9b.com,Domain,['A']
Domain_6df469eb3513482bf94c2f8eccf2d27029825b4684b33de2b97cc05448ec7116,6df469eb35.com,Domain,['B']
Domain_717aa5778731a1f4d6f0218dd3a27b114c839213b4af781427ac1e22dc9a7dea,717aa57787.com,Domain,[]
Domain_3cbf1e61e5e8238bfc2472e7b06530c5a8385345397947416259a2c73143175f,3cbf1e61e5.com,Domain,[]
Domain_9c72287c3f9bb38cb0186acf37b7054442b75ac32324dfd245aed46a03026de1,9c72287c3f.com,Domain,[]
IP_51584ecbd8f7defbfc39a7cbe923d4a6f6858a5079a53208c3035d0bbfd8576d,172.67.xxx.xxx,IP,
Domain_e0c46ea4587c76910e641d0ef21e872bab70f52d324bdb09fab94ff4ffd9f19d,e0c46ea458.com,Domain,[]
IP_870ccbf1c06774c59e630c31aa299ce71ed944c3fdb836892a659f165eeb40ed,108.160.xxx.xxx,IP,
Domain_eca13c027f7658ec0a09b9c8864af5634ca8a60c094d4a1a6faffa9f54db468e,eca13c027f.com,Domain,"['A', 'B']"
Domain_50c1cd87691728adf219ac93c610864c3d249df47d7a48c4ab4a13ab086c299c,50c1cd8769.com,Domain,['B']
IP_730656daeba930c1c3e832534f2e603560b1665260147bfc2690ab40885de706,172.67.xxx.xxx,IP,
IP_42e3f76637d2da0c1f9761e92bf9902af1c9ddfcf9cc42097e474302d08ff5e9,172.67.xxx.xxx,IP,
Domain_ca1bdbd3fc19c00e5701ff5afd8c8ebd4b02249bc8e7517eb824499332817ab6,ca1bdbd3fc.com,Domain,[]
IP_f641762360fcc527808946eb6c5b813b2c6263ed526772e14e8596135b35d2f7,172.67.xxx.xxx,IP,
Domain_350993dcc76b01eb6c5875d3c86402d6a5304b705a6e9741d005b6c388bf616a,350993dcc7.com,Domain,['A']
Domain_30bb687a97ce947d5e02d9cbc1f65e9198ef175434f5453cc5648fa604ed2ccc,30bb687a97.com,Domain,[]
Domain_7157f9a8e358da942742b2358219ba3c96803e0c05d7afb436cef1dada1525a5,7157f9a8e3.com,Domain,[]
Domain_b5989672c028623e34c7ed50a66fa4fee9eccbd3efef97c28ecde526c874b907,b5989672c0.com,Domain,['A']
Domain_cb9a860565982fb58c21eff3c44a7224dbf4ba27fe595bce199b241164454012,cb9a860565.com,Domain,['B']
Domain_9ef63fcc80275cd3bd5b0f48f7e7d3f55734ec18c29c9a9511b2156999780725,9ef63fcc80.com,Domain,[]
